Player,Pos,Age,Tm,G,GS,MP,FG,FGA,FG%,3P,3PA,3P%,2P,2PA,2P%,eFG%,FT,FTA,FT%,ORB,DRB,TRB,AST,STL,BLK,TOV,PF,PTS
Precious Achiuwa,PF,21,MIA,20,2,15.9,2.9,4.6,.630,0.0,0.0,0,2.9,4.6,.630,.630,1.6,2.9,.544,1.7,3.1,4.8,0.8,0.4,0.7,1.2,2.1,7.4
Jaylen Adams,PG,24,MIL,1,0,1.0,0.0,1.0,.000,0.0,1.0,.000,0.0,0.0,0,.000,0.0,0.0,0,0.0,0.0,0.0,0.0,0.0,0.0,0.0,0.0,0.0
Steven Adams,C,27,NOP,18,18,30.3,3.7,6.3,.593,0.0,0.1,.000,3.7,6.2,.598,.593,1.1,2.3,.488,4.2,5.6,9.8,2.5,0.9,0.6,2.0,1.9,8.6
Bam Adebayo,C,23,MIA,18,18,33.1,7.4,12.7,.588,0.1,0.3,.400,7.3,12.4,.592,.592,5.1,5.9,.860,1.8,7.5,9.3,5.3,0.8,0.9,3.1,2.6,20.1
LaMarcus Aldridge,C,35,SAS,18,18,26.7,5.9,12.5,.476,1.3,3.7,.358,4.6,8.8,.525,.529,0.9,1.2,.762,0.8,3.5,4.3,1.9,0.4,0.9,0.9,1.5,14.1
Ty-Shon Alexander,SG,22,PHO,3,0,2.7,0.0,1.0,.000,0.0,0.3,.000,0.0,0.7,.000,.000,0.0,0.0,0,0.0,0.3,0.3,0.3,0.0,0.0,0.0,0.3,0.0
Nickeil Alexander-Walker,SG,22,NOP,17,3,21.4,3.9,9.5,.410,1.3,4.3,.301,2.6,5.2,.500,.478,1.4,1.8,.767,0.2,2.8,3.0,2.1,1.2,0.4,1.4,1.9,10.4
Grayson Allen,SG,25,MEM,12,4,21.5,2.3,6.0,.375,1.5,4.2,.360,0.8,1.8,.409,.500,2.0,2.3,.889,0.5,2.4,2.9,2.0,1.0,0.3,1.2,0.8,8.0
Jarrett Allen,C,22,TOT,20,6,26.1,4.3,6.2,.691,0.0,0.0,0,4.3,6.2,.691,.691,3.6,4.7,.763,3.0,6.4,9.4,1.4,0.5,1.8,1.6,1.7,12.1
Jarrett Allen,C,22,BRK,12,5,26.7,3.7,5.4,.677,0.0,0.0,0,3.7,5.4,.677,.677,3.8,5.1,.754,3.2,7.3,10.4,1.7,0.6,1.6,1.8,1.8,11.2
Jarrett Allen,C,22,CLE,8,1,25.1,5.1,7.3,.707,0.0,0.0,0,5.1,7.3,.707,.707,3.1,4.0,.781,2.6,5.1,7.8,1.0,0.4,2.0,1.1,1.5,13.4
Kyle Anderson,PF,27,MEM,16,16,28.4,4.7,10.6,.444,1.4,4.1,.354,3.3,6.5,.500,.512,1.8,2.4,.763,1.0,6.0,7.0,3.7,0.8,0.7,1.8,2.0,12.6
Giannis Antetokounmpo,PF,26,MIL,19,19,32.9,10.1,18.1,.558,1.2,4.3,.280,8.9,13.8,.645,.592,5.9,9.9,.593,1.7,9.3,11.0,5.7,1.1,1.1,3.8,3.3,27.3
Kostas Antetokounmpo,PF,23,LAL,1,0,8.0,0.0,2.0,.000,0.0,0.0,0,0.0,2.0,.000,.000,0.0,0.0,0,0.0,4.0,4.0,0.0,0.0,2.0,2.0,1.0,0.0
Thanasis Antetokounmpo,SF,28,MIL,14,0,9.7,1.1,1.7,.667,0.1,0.5,.286,1.0,1.2,.824,.708,0.1,0.2,.667,0.9,1.3,2.2,0.9,0.2,0.2,1.0,1.7,2.6
Carmelo Anthony,PF,36,POR,19,2,25.5,4.1,10.9,.372,1.4,4.3,.333,2.6,6.6,.397,.437,2.5,2.9,.873,0.5,3.1,3.6,1.2,0.9,0.6,0.9,2.0,12.1
Cole Anthony,PG,20,ORL,22,14,26.9,4.0,10.7,.373,1.1,3.4,.320,2.9,7.3,.398,.424,2.0,2.3,.860,0.8,3.7,4.5,3.6,0.6,0.4,2.0,2.2,11.0
OG Anunoby,SF,23,TOR,17,17,34.8,5.1,10.4,.486,2.5,5.7,.433,2.6,4.7,.550,.605,2.1,2.8,.745,1.6,4.2,5.8,1.6,2.1,0.5,1.8,2.9,14.6
Ryan Arcidiacono,PG,26,CHI,5,0,13.0,1.6,4.0,.400,1.2,2.6,.462,0.4,1.4,.286,.550,0.8,1.0,.800,0.0,2.4,2.4,2.4,0.4,0.0,0.4,1.4,5.2
D.J. Augustin,PG,33,MIL,19,0,16.8,1.8,4.9,.372,1.3,3.1,.424,0.5,1.8,.286,.505,0.9,0.9,.944,0.4,0.9,1.4,2.6,0.5,0.0,0.8,0.4,5.9
Deni Avdija,SF,20,WAS,13,13,22.6,2.6,5.5,.472,1.4,3.1,.450,1.2,2.5,.500,.597,0.5,0.7,.667,0.6,3.5,4.1,2.1,0.8,0.2,0.5,2.6,7.1
Deandre Ayton,C,22,PHO,19,19,31.9,6.1,10.7,.569,0.1,0.6,.182,6.0,10.2,.591,.574,1.9,2.7,.706,3.7,9.2,12.8,1.9,0.4,1.1,2.1,3.4,14.2
Udoka Azubuike,C,21,UTA,12,0,4.1,0.3,0.6,.571,0.0,0.0,0,0.3,0.6,.571,.571,0.3,0.5,.667,0.3,0.8,1.1,0.0,0.1,0.3,0.3,0.7,1.0
Dwayne Bacon,SG,25,ORL,22,14,23.4,3.8,9.2,.416,0.8,2.4,.346,3.0,6.8,.440,.460,1.2,1.5,.765,0.4,2.8,3.1,1.0,0.7,0.1,0.7,1.7,9.6
Marvin Bagley III,PF,21,SAC,20,20,25.8,5.3,11.2,.475,1.0,2.8,.357,4.3,8.4,.515,.520,1.5,3.0,.500,2.2,5.5,7.7,1.0,0.5,0.6,1.7,2.8,13.1
LaMelo Ball,PG,19,CHO,21,1,25.3,4.4,10.5,.423,1.3,4.3,.308,3.1,6.1,.504,.486,2.0,2.6,.782,1.5,4.4,5.9,6.1,1.4,0.3,2.5,2.6,12.2
Lonzo Ball,PG,23,NOP,16,16,30.8,4.8,12.1,.399,2.4,7.3,.325,2.4,4.8,.513,.497,0.6,0.9,.643,0.4,3.4,3.8,4.8,1.5,0.6,2.2,2.4,12.6
Mo Bamba,C,22,ORL,8,0,5.9,1.9,3.4,.556,0.4,1.1,.333,1.5,2.3,.667,.611,0.3,0.4,.667,0.9,1.8,2.6,0.3,0.0,0.4,0.4,1.4,4.4
Desmond Bane,SG,22,MEM,16,0,22.4,3.6,7.3,.487,1.9,3.8,.508,1.6,3.5,.464,.620,0.5,0.6,.800,0.4,2.4,2.9,1.4,0.6,0.1,1.1,1.9,9.6
Harrison Barnes,PF,28,SAC,20,20,35.5,5.7,11.2,.504,1.9,4.3,.435,3.8,7.0,.547,.587,3.7,4.3,.860,1.0,5.3,6.3,3.5,0.8,0.2,1.6,1.1,16.9
RJ Barrett,SG,20,NYK,22,22,36.0,6.7,15.5,.430,1.0,3.8,.274,5.6,11.7,.481,.463,3.4,4.5,.758,1.4,5.1,6.5,3.3,0.8,0.2,1.9,2.6,17.8
Will Barton,SF,30,DEN,20,16,28.5,4.1,9.8,.418,1.6,4.0,.392,2.6,5.9,.436,.497,1.3,1.8,.722,0.5,3.5,4.0,3.1,0.8,0.6,1.3,1.8,11.1
Keita Bates-Diop,SF,25,SAS,6,0,2.5,0.0,0.8,.000,0.0,0.3,.000,0.0,0.5,.000,.000,0.3,0.3,1.000,0.0,0.2,0.2,0.3,0.0,0.0,0.0,0.0,0.3
Nicolas Batum,SF,32,LAC,21,21,29.5,3.5,7.0,.500,2.2,4.8,.465,1.3,2.2,.574,.659,1.0,1.2,.846,0.9,4.0,4.9,2.5,1.2,0.3,0.7,1.9,10.3
Aron Baynes,C,34,TOR,18,18,18.6,2.3,5.7,.398,0.6,2.5,.222,1.7,3.2,.534,.447,0.2,0.2,.750,1.4,4.3,5.8,0.7,0.2,0.4,0.7,2.4,5.3
Kent Bazemore,SF,31,GSW,19,0,15.2,1.9,3.7,.507,0.8,1.7,.455,1.1,2.0,.553,.613,0.7,0.9,.765,0.4,2.5,2.8,1.6,0.8,0.5,1.1,2.1,5.3
Darius Bazley,PF,20,OKC,19,19,29.6,4.2,10.4,.404,1.4,5.0,.284,2.8,5.4,.515,.472,1.3,1.8,.714,0.6,6.4,7.0,1.5,0.4,0.8,1.8,1.1,11.2
Bradley Beal,SG,27,WAS,16,16,35.9,12.5,25.8,.485,2.6,7.4,.356,9.9,18.4,.537,.536,7.4,8.4,.881,1.4,3.6,4.9,4.7,1.3,0.6,3.3,2.5,35.0
Malik Beasley,SG,24,MIN,20,20,31.7,7.3,16.3,.445,2.8,7.6,.368,4.5,8.7,.511,.531,2.4,2.7,.870,0.8,4.1,4.9,2.3,0.7,0.2,1.6,1.5,19.7
Jordan Bell,C,26,WAS,3,1,16.7,1.7,5.0,.333,0.0,0.7,.000,1.7,4.3,.385,.333,0.0,0.0,0,1.7,3.7,5.3,1.7,0.3,1.0,1.0,1.3,3.3
DeAndre' Bembry,SF,26,TOR,12,0,8.9,1.2,2.3,.519,0.2,0.4,.400,1.0,1.8,.545,.556,0.3,0.3,.750,0.3,0.9,1.3,1.3,0.6,0.3,0.6,0.9,2.8
Dāvis Bertāns,PF,28,WAS,14,0,25.0,3.1,9.4,.333,2.6,8.1,.316,0.6,1.3,.444,.470,1.7,2.2,.774,0.4,2.5,2.9,1.1,0.5,0.2,0.5,2.5,10.6
Patrick Beverley,PG,32,LAC,16,16,25.6,2.6,6.6,.400,1.8,4.4,.414,0.8,2.2,.371,.538,1.0,1.3,.762,1.3,3.2,4.4,2.1,1.0,0.8,0.8,3.5,8.1
Saddiq Bey,SF,21,DET,19,5,17.9,2.2,6.3,.350,1.6,4.3,.366,0.6,2.0,.316,.475,1.2,1.4,.815,0.3,2.8,3.2,0.6,0.4,0.0,0.7,1.4,7.2
Tyler Bey,SF,22,DAL,4,0,3.3,0.5,1.3,.400,0.0,0.0,0,0.5,1.3,.400,.400,0.5,1.0,.500,0.5,0.3,0.8,0.0,0.0,0.3,0.0,0.5,1.5
Khem Birch,C,28,ORL,22,0,22.2,2.6,5.2,.500,0.1,0.4,.222,2.5,4.8,.524,.509,1.8,2.3,.800,2.9,3.3,6.2,1.2,0.8,0.6,0.7,1.8,7.1
Goga Bitadze,C,21,IND,7,0,8.6,1.6,2.7,.579,0.0,0.6,.000,1.6,2.1,.733,.579,1.3,1.7,.750,0.4,1.1,1.6,0.3,0.3,0.9,0.4,1.4,4.4
Bismack Biyombo,C,28,CHO,19,16,24.8,2.7,5.2,.531,0.0,0.1,.000,2.7,5.1,.536,.531,1.0,2.2,.452,2.5,4.2,6.6,1.6,0.3,1.2,1.1,2.5,6.5
Nemanja Bjelica,PF,32,SAC,10,0,15.1,2.1,5.1,.412,0.5,2.1,.238,1.6,3.0,.533,.461,1.9,2.3,.826,1.0,2.6,3.6,1.9,0.0,0.2,1.2,2.0,6.6
Eric Bledsoe,SG,31,NOP,18,17,30.1,5.2,11.7,.441,2.2,5.7,.392,2.9,6.1,.486,.536,1.4,2.2,.641,0.6,3.1,3.7,3.7,0.8,0.3,2.1,1.7,13.9
Keljin Blevins,SF,25,POR,7,0,4.9,0.1,1.0,.143,0.0,0.4,.000,0.1,0.6,.250,.143,0.0,0.0,0,0.0,0.0,0.0,0.6,0.3,0.0,0.4,0.4,0.3
Bogdan Bogdanović,SG,28,ATL,9,2,23.7,3.3,8.7,.385,2.3,6.4,.362,1.0,2.2,.450,.519,0.9,1.0,.889,0.2,3.6,3.8,2.1,0.4,0.1,1.2,2.0,9.9
Bojan Bogdanović,SF,31,UTA,21,21,30.2,4.8,12.0,.398,2.8,6.9,.403,2.0,5.1,.393,.514,2.6,3.1,.831,0.5,3.0,3.5,2.0,0.4,0.0,1.4,1.7,14.9
Bol Bol,PF,21,DEN,10,2,5.6,0.6,1.5,.400,0.2,0.6,.333,0.4,0.9,.444,.467,0.0,0.0,0,0.0,0.7,0.7,0.2,0.0,0.4,0.5,0.7,1.4
Marques Bolden,C,22,CLE,6,0,4.8,0.2,0.5,.333,0.0,0.0,0,0.2,0.5,.333,.333,0.8,1.3,.625,0.5,0.5,1.0,0.0,0.3,0.3,0.3,0.0,1.2
Jordan Bone,PG,23,ORL,14,0,14.0,1.6,3.9,.426,0.7,2.3,.313,0.9,1.6,.591,.519,0.0,0.0,0,0.3,1.4,1.7,1.3,0.1,0.0,0.2,0.8,4.0
Isaac Bonga,SF,21,WAS,14,7,14.1,0.9,2.3,.406,0.6,1.4,.421,0.4,0.9,.385,.531,0.1,0.2,.667,0.6,1.9,2.5,0.6,0.3,0.3,0.4,1.7,2.6
Devin Booker,SG,24,PHO,15,15,35.4,8.3,17.5,.473,2.2,6.2,.355,6.1,11.3,.538,.536,4.2,5.1,.829,0.2,3.1,3.3,3.9,1.1,0.4,4.0,3.3,22.9
Chris Boucher,C,28,TOR,21,0,22.2,4.6,8.7,.527,1.6,3.6,.440,3.0,5.1,.589,.618,2.3,2.9,.787,1.9,4.2,6.1,1.0,0.5,2.0,0.7,2.5,13.0
Brian Bowen,SF,22,IND,1,0,5.0,1.0,2.0,.500,0.0,0.0,0,1.0,2.0,.500,.500,1.0,1.0,1.000,0.0,1.0,1.0,0.0,0.0,0.0,0.0,0.0,3.0
Avery Bradley,SG,30,MIA,9,1,22.0,3.1,6.8,.459,1.7,4.1,.405,1.4,2.7,.542,.582,0.8,1.0,.778,0.1,1.7,1.8,1.6,0.7,0.1,1.0,2.6,8.7
Tony Bradley,C,23,PHI,8,1,14.0,2.1,4.3,.500,0.0,0.1,.000,2.1,4.1,.515,.500,0.4,0.6,.600,2.6,3.6,6.3,0.8,0.4,0.8,0.1,1.4,4.6
Jarrell Brantley,PF,24,UTA,5,0,3.0,0.2,1.0,.200,0.2,0.6,.333,0.0,0.4,.000,.300,0.0,0.0,0,0.2,0.4,0.6,0.0,0.0,0.2,0.0,0.6,0.6
Ignas Brazdeikis,SF,22,NYK,4,0,1.8,0.0,0.3,.000,0.0,0.0,0,0.0,0.3,.000,.000,0.5,0.5,1.000,0.3,0.3,0.5,0.3,0.0,0.0,0.3,0.0,0.5
Mikal Bridges,SF,24,PHO,19,19,33.5,5.1,10.5,.485,2.2,5.3,.416,2.9,5.2,.556,.590,2.2,2.6,.820,1.2,4.1,5.3,2.0,0.6,1.0,0.8,2.1,14.6
Miles Bridges,PF,22,CHO,21,0,25.9,3.5,7.8,.451,1.3,3.4,.389,2.2,4.4,.500,.537,1.0,1.1,.957,1.0,4.0,5.0,2.0,0.8,0.8,1.7,2.3,9.4
Malcolm Brogdon,PG,28,IND,21,21,36.5,8.5,18.4,.461,2.9,7.2,.404,5.6,11.2,.498,.540,3.0,3.3,.900,0.6,3.6,4.2,7.0,1.4,0.2,2.0,1.9,22.9
Dillon Brooks,SF,25,MEM,16,16,28.7,5.9,15.4,.385,1.9,6.0,.313,4.1,9.4,.430,.445,1.8,2.3,.806,1.1,2.4,3.6,2.9,1.4,0.4,2.3,3.0,15.6
Bruce Brown,PG,24,BRK,19,8,17.6,2.6,4.5,.588,0.2,0.9,.176,2.5,3.6,.691,.606,0.5,0.7,.714,1.1,3.1,4.2,0.9,0.5,0.4,0.9,1.8,5.9
Jaylen Brown,SG,24,BOS,19,19,33.0,10.3,19.7,.524,2.5,5.9,.429,7.8,13.8,.565,.588,3.5,4.6,.759,1.2,4.5,5.6,3.5,1.4,0.6,2.5,2.9,26.6
Moses Brown,C,21,OKC,7,0,4.4,1.0,1.4,.700,0.0,0.0,0,1.0,1.4,.700,.700,1.0,2.0,.500,0.6,1.6,2.1,0.4,0.1,0.6,0.1,0.6,3.0
Sterling Brown,SG,25,HOU,17,1,20.2,2.8,6.0,.471,1.5,3.5,.441,1.3,2.5,.512,.598,0.4,0.4,1.000,0.7,2.5,3.2,1.4,1.0,0.2,0.5,1.9,7.6
Troy Brown Jr.,SF,21,WAS,7,0,17.6,1.9,4.3,.433,0.9,2.6,.333,1.0,1.7,.583,.533,0.0,0.4,.000,0.7,2.4,3.1,1.1,0.3,0.1,0.7,2.0,4.6
Jalen Brunson,PG,24,DAL,17,6,23.6,4.1,8.1,.507,1.1,2.7,.391,3.1,5.4,.565,.572,2.2,2.4,.902,0.2,2.6,2.8,3.4,0.4,0.0,1.4,1.5,11.5
Thomas Bryant,C,23,WAS,10,10,27.1,5.9,9.1,.648,0.9,2.1,.429,5.0,7.0,.714,.698,1.6,2.4,.667,1.8,4.3,6.1,1.5,0.4,0.8,1.1,3.1,14.3
Reggie Bullock,SF,29,NYK,17,17,27.2,3.0,7.9,.378,1.5,4.5,.342,1.5,3.5,.424,.474,0.5,0.7,.750,0.3,3.5,3.8,1.2,0.7,0.2,0.7,2.4,8.1
Trey Burke,PG,28,DAL,20,0,20.7,3.6,7.9,.449,1.6,4.0,.400,2.0,3.9,.500,.551,1.2,1.4,.852,0.2,1.2,1.4,1.7,0.9,0.1,0.8,2.0,9.9
Alec Burks,SG,29,NYK,10,3,26.5,4.3,10.2,.422,2.2,5.0,.440,2.1,5.2,.404,.529,3.3,4.1,.805,0.4,3.8,4.2,2.2,1.1,0.5,1.2,2.1,14.1
Jimmy Butler,SF,31,MIA,8,8,30.5,6.4,14.1,.451,0.0,1.5,.000,6.4,12.6,.505,.451,6.0,6.9,.873,1.8,4.4,6.1,5.6,2.1,0.5,1.8,0.9,18.8
Bruno Caboclo,PF,25,HOU,6,0,6.0,1.3,2.8,.471,0.0,0.8,.000,1.3,2.0,.667,.471,0.2,0.3,.500,0.5,1.8,2.3,0.2,0.0,0.3,0.7,1.0,2.8
Devontae Cacok,PF,24,LAL,1,0,2.0,1.0,1.0,1.000,0.0,0.0,0,1.0,1.0,1.000,1.000,0.0,0.0,0,0.0,0.0,0.0,0.0,0.0,0.0,0.0,0.0,2.0
Kentavious Caldwell-Pope,SG,27,LAL,18,18,24.1,3.3,6.9,.472,1.9,4.1,.479,1.3,2.9,.462,.612,0.9,1.0,.889,0.3,1.8,2.1,1.3,0.8,0.3,0.9,1.6,9.4
Facundo Campazzo,PG,29,DEN,19,0,12.5,1.2,3.2,.361,0.8,2.3,.372,0.3,0.9,.333,.492,0.7,0.9,.765,0.2,0.6,0.8,1.7,0.8,0.1,0.8,1.8,3.8
Vlatko Čančar,PF,23,DEN,8,0,2.4,0.0,0.6,.000,0.0,0.3,.000,0.0,0.4,.000,.000,0.0,0.0,0,0.3,0.3,0.5,0.0,0.3,0.1,0.3,0.3,0.0
Clint Capela,C,26,ATL,17,17,29.9,6.0,10.8,.557,0.0,0.0,0,6.0,10.8,.557,.557,1.8,3.3,.554,4.8,9.6,14.4,1.1,0.8,2.4,1.3,2.0,13.8
Vernon Carey Jr.,C,19,CHO,3,0,2.0,0.3,1.0,.333,0.0,0.3,.000,0.3,0.7,.500,.333,0.3,0.7,.500,0.7,0.3,1.0,0.3,0.0,0.3,0.0,0.0,1.0
Jevon Carter,PG,25,PHO,17,0,13.1,1.4,4.0,.353,0.8,2.8,.277,0.6,1.2,.524,.449,0.1,0.1,1.000,0.2,1.4,1.6,0.9,0.5,0.4,0.2,1.5,3.7
Wendell Carter Jr.,C,21,CHI,14,14,26.9,4.6,8.7,.533,0.3,1.1,.267,4.4,7.6,.570,.549,3.2,4.4,.726,2.4,5.6,8.0,2.4,0.6,0.6,1.9,3.1,12.8
Michael Carter-Williams,SG,29,ORL,7,2,22.9,2.1,6.3,.341,0.1,1.7,.083,2.0,4.6,.438,.352,0.7,0.9,.833,2.1,3.0,5.1,1.7,0.6,0.6,1.3,2.7,5.1
Alex Caruso,PG,26,LAL,17,0,18.3,2.1,4.5,.468,1.1,2.2,.500,1.0,2.3,.436,.591,0.2,0.3,.800,0.5,1.8,2.3,2.1,1.0,0.2,1.0,1.6,5.6
Willie Cauley-Stein,C,27,DAL,21,10,18.3,2.5,4.0,.627,0.0,0.1,.000,2.5,3.9,.642,.627,1.0,1.8,.579,1.4,3.6,5.0,0.8,0.4,0.7,0.6,2.7,6.0
Chris Chiozza,PG,25,BRK,8,0,11.3,1.4,4.9,.282,0.6,2.1,.294,0.8,2.8,.273,.346,0.6,0.9,.714,0.4,0.6,1.0,2.5,0.5,0.4,0.8,0.6,4.0
Marquese Chriss,PF,23,GSW,2,0,13.5,2.5,7.0,.357,0.5,2.5,.200,2.0,4.5,.444,.393,1.0,2.0,.500,1.5,5.0,6.5,1.0,0.0,1.0,1.0,1.5,6.5
Gary Clark,SF,26,ORL,19,4,20.9,1.2,3.9,.307,0.9,3.3,.270,0.3,0.6,.500,.420,0.3,0.4,.857,1.3,2.5,3.7,0.8,0.4,0.2,0.6,1.1,3.6
Brandon Clarke,PF,24,MEM,16,12,28.4,5.8,11.9,.489,0.6,2.1,.273,5.3,9.8,.535,.513,1.1,1.9,.581,1.8,4.1,5.9,1.8,1.1,0.8,0.6,1.6,13.3
Jordan Clarkson,SG,28,UTA,21,0,25.3,6.4,13.8,.462,3.0,7.9,.382,3.4,6.0,.568,.571,1.7,1.7,.972,0.9,3.5,4.4,1.8,1.0,0.3,1.7,1.4,17.4
Amir Coffey,SG,23,LAC,15,0,5.9,0.7,1.7,.400,0.3,0.8,.333,0.4,0.9,.462,.480,0.1,0.5,.286,0.1,0.3,0.5,0.3,0.2,0.0,0.2,0.5,1.7
John Collins,PF,23,ATL,20,20,31.1,6.7,12.4,.543,1.4,3.4,.403,5.4,9.0,.594,.597,2.2,2.8,.800,2.1,5.6,7.7,1.6,0.5,1.1,1.3,3.5,17.0
Mike Conley,PG,33,UTA,21,21,30.1,5.7,12.9,.444,2.8,7.0,.404,2.9,5.9,.492,.554,2.5,3.1,.815,1.1,2.7,3.8,6.1,1.5,0.1,2.0,1.8,16.8
Pat Connaughton,SG,28,MIL,17,0,18.0,2.3,5.0,.459,1.5,3.5,.433,0.8,1.5,.520,.612,0.2,0.2,1.000,1.1,3.2,4.3,1.4,0.6,0.4,0.2,1.4,6.4
Quinn Cook,PG,27,LAL,12,0,3.5,0.7,1.5,.444,0.3,0.8,.444,0.3,0.8,.444,.556,0.3,0.4,.800,0.0,0.3,0.3,0.3,0.1,0.0,0.2,0.1,2.0
DeMarcus Cousins,C,30,HOU,16,4,17.8,2.7,7.9,.339,1.4,4.3,.333,1.3,3.6,.345,.429,2.0,2.6,.762,1.4,5.9,7.3,2.6,0.8,0.8,1.8,2.9,8.8
Robert Covington,PF,30,POR,18,18,30.5,2.4,7.4,.331,1.6,5.3,.305,0.8,2.1,.395,.440,0.7,0.8,.929,0.7,5.0,5.7,1.8,1.6,0.5,1.1,2.8,7.2
Torrey Craig,SF,30,MIL,7,0,9.1,0.4,1.7,.250,0.0,0.7,.000,0.4,1.0,.429,.250,0.0,0.0,0,0.6,1.7,2.3,1.1,0.1,0.6,0.6,1.1,0.9
Jae Crowder,PF,30,PHO,19,15,28.6,3.4,9.2,.374,2.4,7.0,.346,1.0,2.2,.463,.506,1.4,1.6,.871,0.3,4.5,4.7,2.3,0.9,0.1,0.9,2.3,10.7
Jarrett Culver,SG,21,MIN,16,7,21.2,3.2,6.9,.459,0.5,1.9,.258,2.7,5.0,.538,.495,1.3,2.1,.606,1.6,3.4,5.0,0.9,0.7,0.4,1.3,2.4,8.1
Seth Curry,SG,30,PHI,14,14,28.4,4.9,9.4,.527,2.3,4.6,.500,2.6,4.8,.552,.649,1.8,1.8,1.000,0.1,1.7,1.9,2.7,0.9,0.3,1.3,1.8,13.9
Stephen Curry,PG,32,GSW,21,21,33.8,9.3,19.9,.469,4.6,11.0,.414,4.8,8.9,.538,.584,5.0,5.3,.929,0.6,5.1,5.7,6.1,1.3,0.1,3.4,2.0,28.2
Anthony Davis,PF,27,LAL,19,19,33.1,8.7,16.6,.524,0.8,2.6,.320,7.8,13.9,.562,.549,4.1,5.8,.709,1.9,6.8,8.7,3.3,1.3,1.9,1.9,1.8,22.3
Ed Davis,C,31,MIN,17,7,15.0,1.0,2.5,.405,0.0,0.0,0,1.0,2.5,.405,.405,0.4,0.5,.875,2.1,3.4,5.5,1.0,0.6,0.6,0.3,2.8,2.4
Terence Davis,SG,23,TOR,16,2,13.7,2.8,6.1,.464,1.4,3.4,.407,1.4,2.7,.535,.577,0.4,0.5,.875,0.3,1.4,1.7,0.8,0.6,0.2,1.1,1.8,7.4
DeMar DeRozan,PF,31,SAS,19,19,33.3,6.6,13.5,.488,0.7,1.9,.351,5.9,11.5,.511,.514,5.7,6.5,.878,0.7,4.1,4.8,6.6,0.9,0.4,1.7,2.2,19.5
Hamidou Diallo,SG,22,OKC,19,0,20.0,4.4,8.2,.538,0.4,1.2,.318,4.1,7.1,.575,.561,2.5,3.9,.635,0.8,3.7,4.5,1.9,0.9,0.3,1.2,2.3,11.7
Gorgui Dieng,C,31,MEM,13,0,18.7,3.4,6.2,.550,1.2,2.4,.516,2.2,3.8,.571,.650,1.2,1.5,.842,1.5,3.6,5.1,1.6,0.9,0.8,1.2,1.9,9.2
Spencer Dinwiddie,SG,27,BRK,3,3,21.3,2.0,5.3,.375,0.7,2.3,.286,1.3,3.0,.444,.438,2.0,2.0,1.000,0.0,4.3,4.3,3.0,0.7,0.3,1.7,1.3,6.7
Donte DiVincenzo,SG,24,MIL,20,20,25.2,3.5,8.5,.408,1.8,4.7,.387,1.7,3.8,.434,.515,0.6,0.7,.786,1.0,3.0,4.0,2.6,1.3,0.2,1.3,1.2,9.3
Luka Dončić,PG,21,DAL,20,20,34.8,9.7,20.9,.464,2.1,7.0,.293,7.7,13.9,.550,.513,5.8,7.6,.768,0.9,8.1,9.0,9.4,1.0,0.7,3.9,1.8,27.3
Luguentz Dort,SG,21,OKC,19,19,28.8,4.3,9.8,.433,2.2,5.7,.376,2.1,4.1,.513,.543,1.7,2.2,.780,0.6,2.7,3.3,1.2,0.8,0.3,1.3,2.5,12.4
Damyean Dotson,SG,26,CLE,19,6,21.7,3.1,7.4,.418,1.2,3.9,.297,1.9,3.5,.552,.496,0.7,1.1,.700,0.1,1.4,1.5,2.4,0.5,0.1,0.8,1.0,8.1
Devon Dotson,PG,21,CHI,1,0,10.0,2.0,4.0,.500,0.0,0.0,0,2.0,4.0,.500,.500,0.0,0.0,0,0.0,1.0,1.0,0.0,0.0,0.0,0.0,1.0,4.0
Sekou Doumbouya,PF,20,DET,20,0,12.5,1.5,4.2,.357,0.5,1.7,.303,1.0,2.6,.392,.417,0.8,1.1,.714,0.5,1.9,2.3,0.6,0.4,0.1,0.7,1.6,4.3
PJ Dozier,SG,24,DEN,17,0,19.4,2.6,5.5,.468,0.9,2.2,.405,1.7,3.4,.509,.548,1.1,1.5,.720,0.9,3.2,4.1,1.4,0.5,0.6,0.8,1.7,7.1
Goran Dragić,PG,34,MIA,15,5,26.7,5.4,11.8,.458,1.7,4.8,.361,3.7,7.0,.524,.531,2.5,3.1,.804,0.4,2.7,3.1,5.5,0.5,0.1,2.9,2.7,15.0
Andre Drummond,C,27,CLE,19,19,30.0,7.5,15.9,.472,0.0,0.4,.000,7.5,15.6,.483,.472,3.4,5.7,.596,4.4,10.7,15.1,2.7,1.6,1.4,3.5,2.9,18.5
Jared Dudley,PF,35,LAL,6,0,3.7,0.2,0.2,1.000,0.2,0.2,1.000,0.0,0.0,0,1.500,0.0,0.0,0,0.2,0.8,1.0,0.2,0.0,0.0,0.0,0.0,0.5
Kevin Durant,PF,32,BRK,17,17,36.9,10.4,19.5,.533,2.8,6.1,.452,7.6,13.4,.570,.604,7.2,8.2,.878,0.4,7.1,7.5,5.2,0.8,1.4,3.5,2.3,30.8
Anthony Edwards,SG,19,MIN,20,3,26.0,5.0,13.4,.373,1.9,5.6,.333,3.2,7.9,.401,.442,1.8,2.1,.833,0.8,2.2,3.0,1.9,0.8,0.2,1.7,1.6,13.6
Carsen Edwards,SG,22,BOS,7,0,9.1,2.1,4.4,.484,0.6,1.9,.308,1.6,2.6,.611,.548,0.4,0.6,.750,0.3,0.9,1.1,0.4,0.4,0.1,0.3,1.1,5.3
CJ Elleby,SF,20,POR,8,0,5.5,0.9,1.6,.538,0.4,1.0,.375,0.5,0.6,.800,.654,0.3,0.4,.667,0.1,0.5,0.6,0.3,0.1,0.1,0.3,1.0,2.4
Wayne Ellington,SG,33,DET,16,13,23.4,4.1,8.3,.496,3.1,6.3,.495,1.0,2.0,.500,.684,0.6,0.8,.750,0.4,1.6,2.1,1.1,0.5,0.2,0.8,1.4,11.9
Joel Embiid,C,26,PHI,16,16,31.6,8.8,16.2,.544,1.2,2.9,.404,7.6,13.3,.575,.581,9.5,11.3,.840,1.9,9.3,11.1,2.8,1.2,1.3,3.1,2.4,28.3
James Ennis,SF,30,ORL,15,14,19.5,2.1,4.4,.485,0.7,1.7,.423,1.4,2.7,.525,.568,0.5,0.6,.778,0.9,2.2,3.1,1.3,0.9,0.3,1.0,2.1,5.5
Drew Eubanks,C,23,SAS,5,0,13.6,1.0,3.4,.294,0.0,0.0,0,1.0,3.4,.294,.294,0.6,1.0,.600,0.4,2.8,3.2,0.2,0.2,1.4,0.4,1.6,2.6
Dante Exum,SG,25,CLE,6,3,19.3,1.7,4.3,.385,0.3,1.8,.182,1.3,2.5,.533,.423,0.2,0.3,.500,0.3,2.5,2.8,2.2,0.7,0.3,1.2,1.5,3.8
Tacko Fall,C,25,BOS,4,0,10.5,1.3,2.0,.625,0.0,0.0,0,1.3,2.0,.625,.625,0.5,1.0,.500,1.0,2.8,3.8,0.0,0.0,2.0,0.3,1.5,3.0
Derrick Favors,C,29,UTA,19,0,16.4,2.4,4.1,.597,0.0,0.1,.000,2.4,4.0,.605,.597,1.1,1.5,.714,1.9,3.7,5.7,0.9,0.4,1.1,0.5,2.6,5.9
Cristiano Felício,C,28,CHI,3,0,6.0,0.7,1.0,.667,0.0,0.0,0,0.7,1.0,.667,.667,1.0,2.0,.500,1.0,1.7,2.7,1.0,0.7,0.0,0.0,0.7,2.3
Terrance Ferguson,SG,22,PHI,6,0,3.7,0.0,0.5,.000,0.0,0.5,.000,0.0,0.0,0,.000,0.0,0.0,0,0.0,0.2,0.2,0.3,0.0,0.0,0.2,0.5,0.0
Bruno Fernando,C,22,ATL,11,0,9.5,0.5,1.5,.375,0.0,0.2,.000,0.5,1.3,.429,.375,0.5,0.8,.556,0.9,2.8,3.7,0.6,0.2,0.1,1.1,1.1,1.5
Yogi Ferrell,PG,27,CLE,2,0,20.0,4.0,10.5,.381,1.5,4.5,.333,2.5,6.0,.417,.452,0.0,1.0,.000,1.5,2.0,3.5,2.5,1.5,0.5,1.5,2.0,9.5
Dorian Finney-Smith,PF,27,DAL,12,12,29.4,3.1,7.8,.394,1.8,5.4,.323,1.3,2.4,.552,.505,0.6,0.8,.778,1.3,3.3,4.5,1.0,1.2,0.4,0.6,2.8,8.5
Malachi Flynn,PG,22,TOR,13,0,8.2,0.8,3.0,.282,0.4,1.8,.217,0.5,1.2,.375,.346,0.2,0.3,.500,0.1,0.6,0.7,1.2,0.3,0.0,0.3,0.8,2.2
Bryn Forbes,SG,27,MIL,20,0,16.2,2.8,6.3,.448,1.6,3.7,.438,1.2,2.6,.462,.576,0.6,0.9,.706,0.2,0.8,1.0,0.5,0.3,0.0,0.8,1.2,7.8
Trent Forrest,PG,22,UTA,2,0,4.5,0.0,0.0,0,0.0,0.0,0,0.0,0.0,0,0,1.0,1.0,1.000,0.0,0.0,0.0,0.5,0.5,0.0,0.0,1.0,1.0
Evan Fournier,SF,28,ORL,13,13,28.4,5.6,12.7,.442,2.2,6.2,.346,3.5,6.5,.536,.527,4.2,5.3,.797,0.3,2.2,2.5,3.6,1.1,0.5,2.0,2.2,17.6
De'Aaron Fox,PG,23,SAC,20,20,32.3,7.9,16.8,.470,1.8,5.0,.350,6.2,11.8,.521,.522,4.6,6.6,.689,0.8,2.7,3.4,6.4,1.3,0.6,3.4,2.7,22.1
Tim Frazier,PG,30,MEM,3,0,11.0,0.7,2.7,.250,0.0,0.7,.000,0.7,2.0,.333,.250,0.0,0.0,0,0.0,1.3,1.3,2.3,0.3,0.0,1.0,1.3,1.3
Markelle Fultz,PG,22,ORL,8,8,26.9,5.1,13.0,.394,0.5,2.0,.250,4.6,11.0,.420,.413,2.1,2.4,.895,0.6,2.5,3.1,5.4,1.0,0.3,2.3,2.3,12.9
Wenyen Gabriel,PF,23,NOP,1,0,7.0,0.0,3.0,.000,0.0,1.0,.000,0.0,2.0,.000,.000,0.0,0.0,0,1.0,2.0,3.0,1.0,0.0,0.0,0.0,0.0,0.0
Daniel Gafford,PF,22,CHI,17,5,14.6,2.1,3.3,.643,0.0,0.0,0,2.1,3.3,.643,.643,1.2,1.8,.645,1.5,1.6,3.1,0.5,0.5,1.1,0.6,1.9,5.4
Danilo Gallinari,PF,32,ATL,8,1,15.9,2.9,6.3,.460,1.4,3.3,.423,1.5,3.0,.500,.570,2.3,2.4,.947,0.1,1.9,2.0,0.9,0.1,0.0,1.5,1.1,9.4
Langston Galloway,SG,29,PHO,16,0,11.3,1.7,3.4,.491,1.1,2.3,.486,0.6,1.1,.500,.655,0.8,0.8,1.000,0.3,0.9,1.1,0.5,0.1,0.0,0.3,0.7,5.3
Darius Garland,PG,21,CLE,13,10,32.0,6.2,13.8,.444,1.8,4.4,.421,4.3,9.5,.455,.511,1.5,1.6,.905,0.5,2.1,2.6,5.5,1.0,0.2,2.8,2.4,15.6
Marc Gasol,C,36,LAL,22,22,19.3,1.2,3.2,.386,0.5,1.7,.316,0.7,1.5,.469,.471,0.8,0.9,.850,0.9,3.6,4.5,2.0,0.5,1.2,1.0,2.3,3.8
Rudy Gay,PF,34,SAS,21,0,21.9,4.2,10.0,.426,1.5,4.3,.341,2.8,5.6,.492,.500,1.0,1.4,.759,1.0,4.3,5.3,1.5,0.7,0.6,1.2,1.8,11.0
Paul George,SF,30,LAC,19,19,34.0,8.2,16.4,.498,3.5,7.8,.453,4.6,8.6,.540,.606,3.9,4.3,.914,0.7,5.6,6.3,5.4,1.3,0.5,3.8,2.2,23.7
Taj Gibson,PF,35,NYK,2,0,9.5,0.0,2.0,.000,0.0,0.5,.000,0.0,1.5,.000,.000,0.0,0.0,0,1.5,1.0,2.5,0.5,0.0,0.5,0.0,1.0,0.0
Harry Giles,C,22,POR,16,0,11.3,1.3,3.1,.408,0.2,0.5,.375,1.1,2.6,.415,.439,0.4,0.6,.700,0.8,3.4,4.1,0.9,0.3,0.4,0.5,1.6,3.1
Shai Gilgeous-Alexander,SG,22,OKC,19,19,33.3,7.6,14.9,.512,1.7,4.6,.375,5.9,10.3,.574,.571,4.8,6.3,.758,0.7,4.6,5.3,6.3,0.9,0.7,2.9,2.0,21.8
Anthony Gill,PF,28,WAS,8,1,7.5,0.4,1.3,.300,0.1,0.9,.143,0.3,0.4,.667,.350,0.3,0.3,1.000,0.3,1.9,2.1,0.4,0.4,0.0,0.4,0.4,1.1
Rudy Gobert,C,28,UTA,21,21,29.9,5.1,8.5,.603,0.0,0.0,0,5.1,8.5,.603,.603,3.0,5.4,.553,3.8,9.6,13.4,1.4,0.5,2.7,1.6,2.1,13.3
Brandon Goodwin,PG,25,ATL,17,0,13.2,1.5,4.5,.329,0.6,2.4,.250,0.9,2.1,.417,.395,0.7,0.9,.750,0.1,1.2,1.2,1.9,0.5,0.0,0.5,1.1,4.2
Aaron Gordon,PF,25,ORL,19,19,29.1,4.8,11.2,.427,1.6,4.4,.369,3.2,6.8,.465,.500,2.6,4.2,.613,1.7,5.5,7.2,4.2,0.7,0.8,2.8,2.0,13.8
Eric Gordon,SG,32,HOU,15,5,27.8,5.8,12.7,.458,2.7,7.5,.357,3.1,5.2,.603,.563,3.3,3.9,.831,0.3,1.7,1.9,2.2,0.5,0.5,1.8,1.3,17.5
Devonte' Graham,PG,25,CHO,21,21,34.4,4.5,13.0,.348,3.0,8.5,.360,1.5,4.5,.326,.465,2.2,2.9,.770,0.6,2.6,3.1,6.1,1.1,0.0,1.4,1.6,14.3
Jerami Grant,SF,26,DET,21,21,35.9,7.8,17.3,.451,2.5,6.3,.402,5.3,11.0,.478,.523,5.6,6.4,.867,1.1,4.7,5.8,2.9,0.9,1.2,1.5,2.8,23.7
Danny Green,SF,33,PHI,21,21,27.9,3.1,8.2,.382,2.2,6.2,.362,0.9,2.0,.442,.517,0.4,0.5,.727,1.1,2.6,3.7,2.2,1.2,0.8,1.3,1.7,8.9
Draymond Green,PF,30,GSW,17,17,27.2,1.8,5.3,.333,0.4,2.1,.194,1.4,3.2,.426,.372,0.7,1.1,.667,0.5,4.5,5.0,6.6,1.2,0.2,2.5,2.9,4.6
JaMychal Green,PF,30,DEN,16,0,21.1,3.6,7.9,.460,2.1,4.4,.471,1.6,3.5,.446,.591,1.5,1.8,.828,1.7,4.9,6.6,1.1,0.6,0.1,1.3,2.4,10.8
Javonte Green,SG,27,BOS,11,0,17.5,2.0,4.0,.500,0.3,1.4,.200,1.7,2.6,.655,.534,1.0,1.5,.647,1.4,1.7,3.1,0.6,0.9,0.1,0.6,1.0,5.3
Jeff Green,PF,34,BRK,23,10,25.7,3.2,5.9,.541,1.5,3.3,.447,1.7,2.6,.661,.667,1.1,1.3,.833,0.4,3.4,3.8,1.4,0.7,0.2,1.0,2.2,8.9
Josh Green,SG,20,DAL,16,5,12.9,1.1,2.3,.472,0.1,0.8,.167,0.9,1.5,.625,.500,0.4,0.7,.545,0.8,1.7,2.4,0.6,0.3,0.1,0.7,1.0,2.6
Blake Griffin,PF,31,DET,16,16,31.4,4.1,11.1,.371,2.1,6.4,.333,2.0,4.8,.421,.466,2.1,2.9,.702,0.4,5.2,5.6,3.9,0.7,0.1,1.8,1.9,12.4
Kyle Guy,PG,23,SAC,6,0,9.0,1.0,3.5,.286,0.5,1.8,.273,0.5,1.7,.300,.357,0.8,1.0,.833,0.2,1.3,1.5,1.7,0.5,0.0,0.0,0.7,3.3
Rui Hachimura,PF,22,WAS,10,10,28.0,5.0,10.0,.500,0.9,2.3,.391,4.1,7.7,.532,.545,2.8,3.8,.737,1.2,3.5,4.7,2.0,0.4,0.2,0.7,2.4,13.7
Ashton Hagans,PG,21,MIN,2,0,2.0,0.0,0.0,0,0.0,0.0,0,0.0,0.0,0,0,0.0,0.0,0,0.0,0.0,0.0,0.0,0.0,0.0,0.5,0.0,0.0
Tyrese Haliburton,PG,20,SAC,18,1,28.8,4.1,8.7,.465,2.0,4.9,.409,2.1,3.8,.536,.580,0.6,0.7,.833,1.1,2.7,3.8,5.4,1.1,0.7,1.6,1.3,10.7
Josh Hall,SF,20,OKC,7,0,7.3,0.6,2.6,.222,0.1,1.1,.125,0.4,1.4,.300,.250,0.4,1.0,.429,0.1,1.1,1.3,1.0,0.0,0.0,0.6,1.0,1.7
R.J. Hampton,PG,19,DEN,13,0,3.3,0.3,0.8,.364,0.0,0.2,.000,0.3,0.7,.444,.364,0.2,0.2,1.000,0.2,0.3,0.5,0.0,0.2,0.0,0.4,0.3,0.8
Tim Hardaway Jr.,SG,28,DAL,20,17,31.9,6.0,13.6,.439,3.0,7.7,.390,3.0,5.9,.504,.550,2.0,2.6,.769,0.3,3.5,3.8,1.9,0.8,0.2,1.1,1.6,16.9
James Harden,SG,31,TOT,17,17,38.4,7.5,16.1,.464,2.9,8.1,.362,4.5,8.0,.566,.555,6.5,7.4,.888,0.7,6.0,6.7,11.2,1.0,0.6,4.2,2.4,24.4
James Harden,SG,31,HOU,8,8,36.3,7.5,16.9,.444,3.1,9.0,.347,4.4,7.9,.556,.537,6.6,7.5,.883,0.6,4.5,5.1,10.4,0.9,0.8,4.3,1.8,24.8
James Harden,SG,31,BRK,9,9,40.3,7.4,15.4,.482,2.8,7.3,.379,4.7,8.1,.575,.572,6.4,7.2,.892,0.8,7.3,8.1,12.0,1.1,0.6,4.2,2.9,24.1
Maurice Harkless,SF,27,MIA,9,3,10.7,0.4,1.1,.400,0.4,0.9,.500,0.0,0.2,.000,.600,0.0,0.2,.000,0.0,0.9,0.9,0.6,0.2,0.2,0.2,1.2,1.3
Jared Harper,PG,23,NYK,2,0,2.5,0.0,0.5,.000,0.0,0.0,0,0.0,0.5,.000,.000,1.0,1.0,1.000,0.0,0.0,0.0,0.0,0.0,0.0,1.0,0.0,1.0
Montrezl Harrell,C,27,LAL,22,0,24.7,5.4,8.5,.636,0.0,0.2,.000,5.4,8.3,.650,.636,2.4,3.2,.732,2.5,3.8,6.3,1.0,0.8,0.7,1.1,2.0,13.2
Gary Harris,SG,26,DEN,18,18,30.7,3.8,8.4,.450,1.3,4.0,.333,2.4,4.4,.557,.530,1.2,1.7,.733,0.7,1.8,2.5,1.7,0.9,0.2,0.7,1.9,10.1
Jalen Harris,SG,22,TOR,2,0,2.0,0.0,0.0,0,0.0,0.0,0,0.0,0.0,0,0,0.0,0.0,0,0.5,0.0,0.5,0.0,0.0,0.0,0.5,1.0,0.0
Joe Harris,SF,29,BRK,23,19,31.7,5.6,11.0,.512,3.3,6.9,.487,2.3,4.1,.553,.665,0.3,0.6,.615,0.7,3.0,3.7,2.1,0.6,0.3,0.9,2.4,14.9
Tobias Harris,PF,28,PHI,18,18,33.6,7.9,15.4,.514,2.2,4.7,.464,5.8,10.8,.536,.585,2.2,2.7,.833,1.2,5.8,7.0,2.7,0.9,1.0,2.4,2.1,20.3
Shaquille Harrison,SG,27,UTA,13,0,3.7,0.5,1.5,.316,0.0,0.1,.000,0.5,1.4,.333,.316,0.4,0.5,.833,0.2,0.5,0.6,0.5,0.2,0.0,0.4,0.2,1.3
Josh Hart,SF,25,NOP,19,2,27.8,2.7,6.1,.448,1.3,3.6,.362,1.4,2.5,.574,.556,1.3,1.8,.706,1.2,6.4,7.6,1.9,0.9,0.1,0.7,2.4,8.1
Isaiah Hartenstein,C,22,DEN,13,0,8.9,1.5,3.2,.488,0.0,0.0,0,1.5,3.2,.488,.488,1.0,1.7,.591,1.6,1.5,3.2,0.6,0.4,0.7,0.9,2.1,4.1
Jaxson Hayes,C,20,NOP,18,1,12.8,1.8,2.8,.627,0.0,0.0,0,1.8,2.8,.627,.627,0.9,1.3,.667,1.3,2.5,3.8,0.5,0.3,0.4,0.7,1.9,4.4
Killian Hayes,PG,19,DET,7,7,21.1,1.9,6.7,.277,0.7,2.9,.250,1.1,3.9,.296,.330,0.1,0.3,.500,0.1,1.0,1.1,3.6,0.3,0.0,2.4,2.1,4.6
Gordon Hayward,SF,30,CHO,20,20,35.9,8.4,16.7,.503,2.3,5.4,.430,6.1,11.4,.537,.572,3.9,4.5,.856,0.7,4.6,5.3,3.6,1.3,0.6,2.2,2.1,23.0
Juan Hernangómez,PF,25,MIN,11,6,20.4,2.5,6.2,.397,1.1,3.5,.308,1.4,2.6,.517,.485,0.6,0.9,.700,0.9,4.4,5.3,0.5,0.5,0.2,0.4,0.9,6.6
Willy Hernangómez,C,26,NOP,4,0,10.3,2.0,3.8,.533,0.0,0.3,.000,2.0,3.5,.571,.533,0.5,1.5,.333,2.0,2.8,4.8,0.8,0.3,0.0,0.3,0.5,4.5
Tyler Herro,SG,21,MIA,13,13,34.1,6.4,14.3,.446,1.7,5.5,.310,4.7,8.8,.530,.505,2.5,3.2,.786,0.2,6.2,6.5,4.2,0.5,0.2,2.9,1.6,17.0
Buddy Hield,SG,28,SAC,20,20,34.4,5.4,14.0,.387,4.1,10.4,.394,1.3,3.6,.366,.534,1.3,1.6,.839,0.3,4.1,4.3,3.0,1.1,0.4,1.9,2.9,16.2
George Hill,PG,34,OKC,14,14,26.4,4.4,8.6,.508,1.6,4.1,.386,2.8,4.5,.619,.600,1.5,1.8,.840,0.6,1.5,2.1,3.1,0.9,0.1,0.9,0.9,11.8
Solomon Hill,PF,29,ATL,20,1,19.7,1.6,4.5,.356,1.2,3.6,.338,0.4,1.0,.421,.489,0.3,0.3,1.000,0.4,2.1,2.5,0.9,0.7,0.3,0.7,1.7,4.7
Nate Hinton,SG,21,DAL,6,0,3.2,0.5,2.2,.231,0.2,0.8,.200,0.3,1.3,.250,.269,0.2,0.3,.500,0.0,0.0,0.0,0.0,0.2,0.2,0.3,0.2,1.3
Aaron Holiday,PG,24,IND,21,6,20.0,2.6,7.2,.364,1.0,3.0,.328,1.6,4.1,.391,.434,0.4,0.7,.643,0.3,1.0,1.3,2.0,0.6,0.1,0.8,2.0,6.7
Jrue Holiday,PG,30,MIL,20,20,33.3,6.5,13.4,.483,2.0,5.2,.379,4.5,8.2,.549,.556,1.6,2.0,.821,1.2,3.7,4.9,5.3,1.9,0.6,1.6,1.8,16.5
Justin Holiday,SG,31,IND,21,12,31.6,3.8,7.9,.476,2.0,5.1,.398,1.7,2.8,.621,.605,1.1,1.4,.793,0.6,3.2,3.9,1.3,1.1,0.4,0.8,2.7,10.7
Richaun Holmes,C,27,SAC,19,19,30.5,5.4,8.1,.673,0.1,0.2,.250,5.4,7.8,.685,.676,2.1,2.6,.796,2.6,5.4,8.0,2.0,0.8,1.8,1.4,4.2,12.9
Rodney Hood,SF,28,POR,17,3,17.4,1.8,4.9,.357,0.6,2.1,.314,1.1,2.9,.388,.423,0.2,0.2,1.000,0.2,1.4,1.5,1.4,0.8,0.1,0.7,1.2,4.4
Al Horford,C,34,OKC,12,12,26.9,5.0,11.5,.435,2.3,5.3,.422,2.8,6.2,.446,.533,0.2,0.3,.500,0.8,6.5,7.3,2.6,0.8,0.9,0.8,1.4,12.4
Talen Horton-Tucker,SG,20,LAL,18,0,15.9,2.5,5.7,.437,0.6,1.8,.333,1.9,3.9,.486,.490,1.1,1.2,.864,0.4,2.1,2.6,1.7,0.8,0.4,1.1,2.1,6.7
Danuel House,SF,27,HOU,8,4,27.1,2.6,6.6,.396,1.4,3.9,.355,1.3,2.8,.455,.500,1.4,1.8,.786,0.3,3.4,3.6,1.9,0.4,0.5,0.4,1.6,8.0
Dwight Howard,C,35,PHI,21,4,17.7,2.3,4.0,.576,0.1,0.3,.429,2.2,3.7,.590,.594,1.4,3.0,.484,2.7,5.5,8.1,0.6,0.4,1.0,1.9,3.2,6.2
Markus Howard,SG,21,DEN,9,0,1.8,0.4,1.4,.308,0.2,1.1,.200,0.2,0.3,.667,.385,0.0,0.0,0,0.0,0.1,0.1,0.3,0.0,0.0,0.0,0.3,1.1
Kevin Huerter,SG,22,ATL,20,9,30.8,4.3,10.5,.410,2.1,5.5,.385,2.2,5.1,.436,.510,0.6,0.8,.750,0.8,3.0,3.8,3.4,1.1,0.2,1.1,2.4,11.3
Elijah Hughes,SF,22,UTA,6,0,4.5,0.8,2.5,.333,0.5,1.7,.300,0.3,0.8,.400,.433,0.5,0.7,.750,0.0,0.7,0.7,0.5,0.2,0.2,0.7,0.0,2.7
De'Andre Hunter,SF,23,ATL,18,18,32.2,6.0,11.7,.514,1.7,4.6,.366,4.3,7.1,.609,.586,3.6,4.1,.877,0.9,4.5,5.4,2.2,0.9,0.5,1.4,2.6,17.2
Chandler Hutchison,SF,24,CHI,6,0,10.0,0.8,3.0,.278,0.2,0.5,.333,0.7,2.5,.267,.306,0.3,0.3,1.000,0.2,3.0,3.2,0.7,0.2,0.0,0.7,1.2,2.2
Serge Ibaka,C,31,LAC,21,21,24.9,4.9,9.5,.513,1.1,2.8,.397,3.8,6.7,.560,.570,1.4,1.7,.833,2.0,4.9,6.9,1.7,0.2,1.2,1.3,2.0,12.2
Andre Iguodala,SF,37,MIA,18,2,21.1,1.7,4.6,.366,1.2,3.6,.344,0.4,1.0,.444,.500,0.3,0.6,.455,0.5,3.2,3.7,2.7,1.1,0.3,1.2,1.4,4.8
Joe Ingles,SF,33,UTA,17,2,24.9,3.8,7.5,.500,2.3,5.2,.443,1.5,2.4,.625,.652,0.6,0.8,.846,0.5,2.8,3.2,4.2,0.4,0.2,1.6,1.9,10.5
Brandon Ingram,SF,23,NOP,19,19,34.9,8.1,17.6,.461,2.3,6.2,.376,5.8,11.4,.507,.527,4.9,5.8,.845,0.6,4.6,5.3,4.6,0.7,0.9,2.7,1.6,23.4
Kyrie Irving,PG,28,BRK,15,15,35.8,10.8,20.2,.535,3.1,6.9,.447,7.7,13.3,.580,.611,3.7,3.9,.948,0.9,3.9,4.8,5.7,1.0,0.8,2.3,3.0,28.3
Wesley Iwundu,SF,26,DAL,15,3,14.8,0.9,2.9,.295,0.2,1.4,.143,0.7,1.5,.435,.330,0.5,0.7,.800,0.3,1.9,2.2,0.5,0.5,0.1,0.2,1.1,2.5
Frank Jackson,PG,22,DET,6,0,5.8,0.7,2.3,.286,0.5,1.5,.333,0.2,0.8,.200,.393,0.0,0.0,0,0.0,0.7,0.7,1.2,0.2,0.0,0.7,0.7,1.8
Josh Jackson,SG,23,DET,19,6,22.8,4.1,10.1,.406,1.3,4.5,.291,2.8,5.6,.500,.471,2.0,2.8,.704,0.6,2.8,3.4,1.7,0.8,1.0,2.1,2.8,11.5
Justin Jackson,SF,25,OKC,9,1,11.4,1.9,4.4,.425,0.6,2.6,.217,1.3,1.9,.706,.488,1.1,1.3,.833,0.3,1.9,2.2,1.0,0.2,0.0,0.6,0.8,5.4
Reggie Jackson,SG,30,LAC,19,6,18.4,3.2,7.0,.451,1.4,3.6,.391,1.7,3.4,.516,.553,0.7,1.1,.650,0.3,2.4,2.7,2.7,0.6,0.1,0.9,1.7,8.4
Justin James,SF,24,SAC,7,0,6.9,0.9,2.1,.400,0.0,0.6,.000,0.9,1.6,.545,.400,0.1,1.0,.143,0.3,0.7,1.0,0.4,0.1,0.1,0.0,0.1,1.9
LeBron James,PG,36,LAL,22,22,33.5,9.0,18.4,.490,2.8,6.8,.409,6.2,11.6,.537,.566,4.3,6.0,.718,0.7,7.0,7.7,7.5,0.9,0.5,3.5,1.5,25.0
Isaiah Joe,SG,21,PHI,11,1,16.9,2.1,5.5,.383,1.5,4.2,.370,0.5,1.3,.429,.525,0.5,0.5,1.000,0.4,1.2,1.5,1.2,0.4,0.4,0.4,1.8,6.2
Cameron Johnson,PF,24,PHO,19,8,26.5,4.0,9.1,.439,2.3,6.3,.367,1.7,2.8,.604,.566,1.0,1.2,.864,0.6,2.9,3.5,1.4,0.7,0.4,0.7,1.3,11.3
James Johnson,PF,33,DAL,21,0,19.8,2.8,5.7,.496,0.7,2.3,.292,2.1,3.4,.634,.555,0.6,1.1,.542,0.5,2.9,3.4,1.8,1.0,0.9,1.2,2.2,6.9
Keldon Johnson,SF,21,SAS,21,21,30.7,5.5,11.3,.483,1.0,3.0,.344,4.4,8.3,.534,.529,3.0,3.8,.788,1.9,5.7,7.5,2.2,0.9,0.6,1.5,2.5,15.0
Stanley Johnson,PF,24,TOR,19,1,15.6,0.9,2.5,.375,0.6,1.5,.393,0.4,1.1,.350,.490,0.5,0.6,.750,0.6,2.2,2.8,1.7,1.0,0.4,0.7,1.8,2.9
Tyler Johnson,SG,28,BRK,7,0,6.1,0.4,1.4,.300,0.4,1.0,.429,0.0,0.4,.000,.450,0.0,0.0,0,0.1,0.6,0.7,1.1,0.4,0.0,0.3,0.3,1.3
Nikola Jokić,C,25,DEN,20,20,35.8,10.3,17.9,.574,1.4,3.7,.384,8.9,14.2,.623,.613,4.9,5.8,.836,3.2,8.6,11.8,8.6,1.8,0.6,4.0,3.1,26.8
Damian Jones,C,25,PHO,5,0,8.4,0.6,1.2,.500,0.0,0.2,.000,0.6,1.0,.600,.500,0.4,1.0,.400,0.8,1.0,1.8,0.0,0.2,0.6,0.6,1.8,1.6
Derrick Jones Jr.,SF,23,POR,17,17,27.4,2.8,6.0,.471,0.6,2.5,.256,2.2,3.5,.627,.525,1.1,2.0,.559,1.6,2.6,4.3,0.6,1.1,0.9,0.8,2.6,7.4
Mason Jones,SG,22,HOU,11,1,12.2,2.6,4.6,.569,1.4,2.4,.577,1.3,2.3,.560,.716,0.8,1.5,.529,0.3,1.9,2.2,1.5,0.4,0.0,1.3,1.2,7.5
Tre Jones,PG,21,SAS,9,0,3.0,0.7,1.3,.500,0.1,0.1,1.000,0.6,1.2,.455,.542,0.6,0.6,1.000,0.4,0.0,0.4,0.1,0.0,0.0,0.2,0.2,2.0
Tyus Jones,PG,24,MEM,16,8,25.4,3.9,8.8,.443,0.7,2.8,.250,3.2,6.0,.531,.482,0.3,0.4,.714,0.6,2.2,2.8,5.9,1.4,0.2,0.9,0.6,8.8
DeAndre Jordan,C,32,BRK,22,17,20.3,3.0,3.6,.813,0.0,0.0,0,3.0,3.6,.813,.813,0.7,1.4,.484,1.6,5.3,6.9,1.7,0.3,1.4,1.6,2.1,6.6
Cory Joseph,PG,29,SAC,20,0,19.3,2.4,5.5,.427,0.7,2.1,.317,1.7,3.5,.493,.486,1.0,1.3,.760,0.5,1.6,2.1,2.2,0.7,0.3,1.1,2.3,6.3
Mfiondu Kabengele,PF,23,LAC,13,0,4.1,0.4,1.2,.313,0.2,0.7,.222,0.2,0.5,.429,.375,0.2,0.3,.750,0.1,0.6,0.7,0.2,0.2,0.2,0.2,0.8,1.2
Frank Kaminsky,C,27,PHO,13,0,12.5,2.2,5.2,.433,0.6,1.7,.364,1.6,3.5,.467,.493,0.6,1.1,.571,0.9,2.6,3.5,1.7,0.2,0.5,0.5,1.4,5.7
Enes Kanter,C,28,POR,20,8,23.1,4.7,7.7,.604,0.0,0.0,0,4.7,7.7,.604,.604,1.8,2.3,.778,4.0,6.6,10.6,1.2,0.7,0.8,1.3,2.3,11.1
Luke Kennard,SG,24,LAC,22,5,22.0,3.0,6.5,.465,1.5,3.6,.430,1.5,3.0,.508,.583,0.5,0.5,.833,0.1,2.7,2.8,1.9,0.3,0.2,1.0,1.5,8.1
Maxi Kleber,PF,29,DAL,10,4,23.7,1.9,4.6,.413,1.6,3.5,.457,0.3,1.1,.273,.587,1.5,1.6,.938,1.0,4.4,5.4,1.3,0.4,0.9,0.8,2.0,6.9
Nathan Knight,PF,23,ATL,7,0,5.7,0.7,2.1,.333,0.4,1.0,.429,0.3,1.1,.250,.433,0.6,0.7,.800,0.9,0.7,1.6,0.1,0.0,0.4,0.6,0.9,2.4
Kevin Knox,SF,21,NYK,20,0,18.2,2.2,5.5,.391,1.3,3.2,.391,0.9,2.3,.391,.505,0.5,0.6,.833,0.4,1.8,2.2,0.8,0.4,0.3,0.8,1.6,6.1
John Konchar,SG,24,MEM,9,0,17.8,2.0,4.1,.486,0.6,1.3,.417,1.4,2.8,.520,.554,0.9,0.9,1.000,1.2,3.4,4.7,1.9,1.2,0.4,0.2,1.2,5.4
Furkan Korkmaz,SG,23,PHI,10,0,18.1,2.7,7.2,.375,1.7,4.5,.378,1.0,2.7,.370,.493,0.8,0.9,.889,0.2,2.0,2.2,0.8,0.7,0.2,0.8,1.0,7.9
Luke Kornet,PF,25,CHI,1,0,7.0,0.0,2.0,.000,0.0,2.0,.000,0.0,0.0,0,.000,2.0,2.0,1.000,0.0,1.0,1.0,0.0,1.0,0.0,1.0,0.0,2.0
Rodions Kurucs,PF,22,BRK,5,0,3.2,0.2,0.6,.333,0.2,0.4,.500,0.0,0.2,.000,.500,0.0,0.0,0,0.0,0.6,0.6,0.4,0.0,0.0,0.0,0.2,0.6
Rodions Kurucs,SF,22,HOU,4,0,9.3,0.5,2.3,.222,0.0,1.3,.000,0.5,1.0,.500,.222,0.0,0.0,0,0.3,1.5,1.8,0.3,0.8,0.0,1.3,1.0,1.0
Kyle Kuzma,SF,25,LAL,22,5,24.0,3.9,8.9,.436,1.7,4.4,.381,2.2,4.5,.490,.531,0.5,0.7,.667,1.5,4.2,5.7,1.0,0.2,0.6,1.3,1.7,9.9
Jeremy Lamb,SG,28,IND,8,4,26.1,4.8,9.3,.514,2.1,4.5,.472,2.6,4.8,.553,.628,2.5,2.6,.952,1.1,3.6,4.8,1.8,0.9,0.8,1.1,2.1,14.1
Zach LaVine,SG,25,CHI,19,19,35.4,9.2,18.1,.510,3.5,8.4,.419,5.7,9.6,.590,.608,4.7,5.3,.881,0.5,4.8,5.3,5.1,1.3,0.6,4.2,2.8,26.6
Jake Layman,SF,26,MIN,15,3,15.2,2.0,4.1,.484,0.4,1.5,.261,1.6,2.6,.615,.532,0.9,1.2,.778,0.3,1.3,1.5,0.6,0.7,0.5,0.5,1.3,5.3
Jalen Lecque,PG,20,IND,3,0,3.0,0.3,1.3,.250,0.0,0.3,.000,0.3,1.0,.333,.250,1.0,1.0,1.000,0.3,1.0,1.3,0.7,0.0,0.0,0.0,0.0,1.7
Damion Lee,SG,28,GSW,21,0,18.4,2.0,4.5,.457,1.4,3.4,.417,0.6,1.0,.591,.617,0.8,0.9,.895,0.5,2.8,3.3,1.3,0.7,0.0,0.3,1.8,6.3
Saben Lee,PG,21,DET,5,0,10.0,0.8,2.2,.364,0.0,0.2,.000,0.8,2.0,.400,.364,1.2,1.6,.750,0.2,0.4,0.6,1.2,0.8,0.0,1.0,1.2,2.8
Alex Len,C,27,TOT,13,2,11.7,1.3,2.3,.567,0.4,1.0,.385,0.9,1.3,.706,.650,0.7,1.4,.500,0.3,2.3,2.6,0.9,0.4,0.7,1.2,1.8,3.7
Alex Len,C,27,TOR,7,2,10.9,0.7,1.4,.500,0.4,0.9,.500,0.3,0.6,.500,.650,0.4,0.9,.500,0.0,1.6,1.6,0.4,0.1,0.9,1.1,1.4,2.3
Alex Len,C,27,WAS,6,0,12.7,2.0,3.3,.600,0.3,1.2,.286,1.7,2.2,.769,.650,1.0,2.0,.500,0.7,3.2,3.8,1.5,0.7,0.5,1.2,2.3,5.3
Kawhi Leonard,SF,29,LAC,18,18,34.4,9.5,18.7,.507,1.9,4.9,.398,7.6,13.8,.546,.559,5.4,5.9,.915,0.9,4.3,5.2,5.4,1.9,0.7,1.6,1.6,26.3
Meyers Leonard,C,28,MIA,3,2,9.7,1.0,2.3,.429,1.0,2.3,.429,0.0,0.0,0,.643,0.3,0.7,.500,0.0,2.3,2.3,0.7,0.0,0.0,0.7,1.7,3.3
Caris LeVert,SG,26,BRK,12,4,27.8,7.3,16.7,.435,1.8,5.3,.349,5.4,11.4,.474,.490,2.2,2.8,.765,0.8,3.5,4.3,6.0,1.1,0.5,2.2,1.7,18.5
Kira Lewis Jr.,PG,19,NOP,9,0,9.4,1.4,4.4,.325,0.4,1.1,.400,1.0,3.3,.300,.375,0.8,1.1,.700,0.0,0.6,0.6,1.2,0.2,0.1,0.1,0.8,4.1
Damian Lillard,PG,30,POR,20,20,36.1,9.0,19.7,.454,4.0,10.6,.377,5.0,9.1,.544,.556,7.2,7.6,.947,0.4,4.2,4.6,7.3,0.9,0.3,3.0,1.5,29.1
Nassir Little,PF,20,POR,9,2,11.2,1.7,3.2,.517,0.8,1.3,.583,0.9,1.9,.471,.638,0.9,1.0,.889,1.1,1.2,2.3,0.2,0.2,0.4,0.6,0.9,5.0
Kevon Looney,C,24,GSW,21,5,14.7,1.6,2.5,.623,0.1,0.2,.400,1.5,2.3,.646,.642,0.4,0.6,.692,1.5,2.6,4.1,1.8,0.3,0.3,0.7,1.8,3.7
Brook Lopez,C,32,MIL,20,20,27.3,3.9,8.4,.467,1.7,4.8,.358,2.2,3.6,.611,.569,1.2,1.4,.821,1.4,3.6,5.0,0.7,0.5,1.5,0.8,1.8,10.7
Robin Lopez,C,32,WAS,17,7,17.9,2.9,4.5,.645,0.2,0.5,.375,2.7,4.0,.676,.664,1.2,1.9,.625,1.8,2.2,4.0,0.9,0.2,0.5,0.8,1.9,7.1
Kevin Love,PF,32,CLE,2,2,23.0,3.0,9.0,.333,1.5,4.5,.333,1.5,4.5,.333,.417,2.0,2.5,.800,1.0,5.0,6.0,2.5,0.5,0.0,1.5,0.5,9.5
Kyle Lowry,PG,34,TOR,18,18,36.1,5.6,13.4,.415,2.8,7.8,.362,2.7,5.6,.490,.521,3.4,3.9,.873,0.9,5.3,6.2,7.1,1.1,0.2,3.2,3.4,17.4
Timothé Luwawu-Cabarrot,SF,25,BRK,23,4,19.0,2.6,6.7,.383,1.6,4.4,.363,1.0,2.3,.423,.503,0.6,0.8,.722,0.5,1.7,2.2,1.3,0.6,0.2,0.6,1.7,7.3
Trey Lyles,PF,25,SAS,11,2,10.6,0.9,2.2,.417,0.2,0.9,.200,0.7,1.3,.571,.458,0.3,0.6,.429,0.5,2.5,3.1,0.5,0.0,0.0,0.0,0.3,2.3
Thon Maker,C,23,CLE,8,0,9.5,1.3,2.3,.556,0.0,0.3,.000,1.3,2.0,.625,.556,1.3,1.4,.909,1.0,1.3,2.3,0.5,0.3,0.5,0.4,0.9,3.8
Théo Maledon,PG,19,OKC,19,4,21.6,2.7,6.6,.413,1.4,3.8,.370,1.3,2.8,.472,.520,0.6,0.9,.647,0.2,2.4,2.6,2.6,0.7,0.0,1.7,2.1,7.5
Karim Mané,PG,20,ORL,6,0,9.3,0.2,1.5,.111,0.2,0.3,.500,0.0,1.2,.000,.167,0.7,0.7,1.000,0.0,1.7,1.7,0.2,0.0,0.2,0.5,0.5,1.2
Terance Mann,SG,24,LAC,19,2,11.5,1.2,2.9,.411,0.2,0.9,.235,1.0,2.1,.487,.446,0.6,0.8,.733,0.7,2.1,2.8,0.8,0.4,0.2,0.5,1.3,3.2
Nico Mannion,PG,19,GSW,6,0,6.0,0.5,2.2,.231,0.3,1.5,.222,0.2,0.7,.250,.308,0.2,0.7,.250,0.0,1.3,1.3,2.0,0.3,0.0,0.3,0.8,1.5
Boban Marjanović,C,32,DAL,14,0,7.3,1.9,3.6,.540,0.0,0.2,.000,1.9,3.4,.574,.540,0.5,0.8,.636,1.3,1.9,3.1,0.1,0.0,0.0,0.2,0.9,4.4
Lauri Markkanen,PF,23,CHI,12,12,31.1,7.3,14.0,.518,3.2,7.7,.413,4.1,6.3,.645,.631,2.8,3.3,.850,0.7,5.7,6.3,1.0,0.8,0.4,1.9,2.2,20.5
Naji Marshall,SF,23,NOP,3,0,2.7,0.0,0.7,.000,0.0,0.3,.000,0.0,0.3,.000,.000,0.3,0.7,.500,0.0,0.7,0.7,0.3,0.0,0.0,0.0,0.0,0.3
Caleb Martin,SF,25,CHO,18,1,14.5,2.2,4.9,.438,0.6,2.2,.282,1.6,2.8,.560,.500,0.6,1.1,.579,0.7,1.7,2.4,1.5,0.8,0.2,0.7,0.9,5.6
Cody Martin,SF,25,CHO,12,0,10.6,1.3,2.3,.536,0.2,0.8,.200,1.1,1.5,.722,.571,0.5,0.7,.750,0.7,1.6,2.3,1.2,0.4,0.0,0.5,0.5,3.2
Kelan Martin,SF,25,IND,8,0,4.4,0.4,1.8,.214,0.1,0.8,.167,0.3,1.0,.250,.250,0.0,0.0,0,0.1,0.9,1.0,0.0,0.3,0.0,0.5,0.5,0.9
Kenyon Martin Jr.,SF,20,HOU,7,0,9.9,1.4,3.9,.370,0.1,0.6,.250,1.3,3.3,.391,.389,0.3,0.7,.400,1.1,1.6,2.7,0.6,0.3,0.7,0.7,1.3,3.3
Garrison Mathews,SG,24,WAS,11,0,19.4,2.4,5.5,.426,1.7,4.3,.404,0.6,1.3,.500,.582,2.6,2.9,.906,0.6,1.5,2.2,0.8,1.3,0.1,0.2,2.1,9.1
Dakota Mathias,SG,25,PHI,8,2,15.4,2.4,6.0,.396,1.0,3.3,.308,1.4,2.8,.500,.479,0.3,0.8,.333,0.1,0.8,0.9,1.6,0.1,0.4,0.1,0.9,6.0
Wesley Matthews,SG,34,LAL,17,1,19.5,1.6,4.0,.397,1.2,3.2,.364,0.4,0.8,.538,.544,0.4,0.5,.750,0.3,0.8,1.1,1.0,0.4,0.2,0.2,1.3,4.7
Tyrese Maxey,SG,20,PHI,21,6,18.9,4.1,9.0,.463,0.6,2.1,.295,3.5,6.9,.514,.497,0.7,0.8,.875,0.3,1.9,2.1,1.9,0.7,0.1,0.7,1.2,9.6
Skylar Mays,SG,23,ATL,4,0,2.8,0.0,0.8,.000,0.0,0.3,.000,0.0,0.5,.000,.000,0.0,0.0,0,0.0,0.0,0.0,0.3,0.0,0.0,0.0,0.5,0.0
CJ McCollum,SG,29,POR,13,13,33.8,9.5,20.0,.473,4.8,11.0,.441,4.6,9.0,.513,.594,2.9,3.5,.844,0.5,3.4,3.9,5.0,1.3,0.3,1.0,2.2,26.7
T.J. McConnell,PG,28,IND,18,0,21.4,2.1,4.2,.500,0.1,0.4,.250,2.0,3.8,.529,.513,0.1,0.4,.286,0.7,2.6,3.2,5.9,1.8,0.2,1.7,1.4,4.4
Jaden McDaniels,PF,20,MIN,14,0,16.1,2.0,5.4,.373,0.9,2.5,.343,1.1,2.9,.400,.453,0.2,0.6,.333,0.8,2.5,3.3,0.7,0.3,0.8,0.6,2.6,5.1
Jalen McDaniels,SF,23,CHO,9,0,9.2,1.4,2.8,.520,0.2,0.7,.333,1.2,2.1,.579,.560,0.8,1.2,.636,0.3,1.8,2.1,0.6,0.2,0.0,0.9,1.4,3.9
Doug McDermott,PF,29,IND,21,5,25.0,4.9,9.6,.512,1.6,4.4,.366,3.3,5.1,.639,.597,1.2,1.6,.788,1.1,2.9,4.0,1.2,0.2,0.1,1.0,1.9,12.7
Sean McDermott,SF,24,MEM,3,0,14.0,0.7,2.3,.286,0.3,1.7,.200,0.3,0.7,.500,.357,0.7,0.7,1.000,0.7,0.3,1.0,1.0,0.0,0.0,1.0,0.3,2.3
JaVale McGee,C,33,CLE,16,1,16.3,3.1,7.0,.438,0.3,0.8,.308,2.8,6.2,.455,.455,1.3,2.3,.583,1.8,4.1,5.9,1.1,0.6,1.3,1.2,2.5,7.7
Rodney McGruder,SG,29,DET,5,0,7.2,1.2,2.0,.600,0.6,0.8,.750,0.6,1.2,.500,.750,0.2,0.2,1.000,0.2,0.8,1.0,0.6,0.0,0.0,0.4,0.8,3.2
Alfonzo McKinnie,SF,28,LAL,11,0,3.2,0.7,1.1,.667,0.3,0.4,.750,0.5,0.7,.625,.792,0.2,0.2,1.000,0.3,0.4,0.6,0.0,0.0,0.0,0.1,0.2,1.9
Jordan McLaughlin,PG,24,MIN,11,0,17.2,2.3,5.0,.455,0.5,1.5,.375,1.7,3.5,.487,.509,0.4,0.5,.800,0.5,1.6,2.2,4.1,0.5,0.1,1.0,0.6,5.5
Ben McLemore,SG,27,HOU,12,2,17.6,2.4,6.2,.392,1.8,4.3,.412,0.7,1.9,.348,.534,0.6,0.7,.875,0.3,2.3,2.6,1.4,0.5,0.1,1.4,1.5,7.2
Nicolò Melli,PF,30,NOP,11,0,11.7,0.6,2.5,.259,0.5,1.9,.238,0.2,0.5,.333,.352,0.4,0.5,.800,0.2,2.3,2.5,1.0,0.5,0.1,0.5,1.2,2.1
De'Anthony Melton,PG,22,MEM,10,0,21.9,4.3,8.9,.483,1.6,3.8,.421,2.7,5.1,.529,.573,0.4,0.5,.800,0.3,2.7,3.0,3.0,1.1,1.1,1.5,2.2,10.6
Sam Merrill,SG,24,MIL,9,0,6.1,0.4,1.1,.400,0.4,0.9,.500,0.0,0.2,.000,.600,0.2,0.2,1.000,0.3,0.8,1.1,1.1,0.1,0.0,0.3,0.3,1.6
Chimezie Metu,C,23,SAC,9,0,6.9,1.4,3.1,.464,0.1,0.3,.333,1.3,2.8,.480,.482,0.7,1.0,.667,1.2,1.3,2.6,0.4,0.3,0.7,0.6,1.1,3.7
Khris Middleton,SF,29,MIL,20,20,32.8,7.8,15.0,.517,2.7,5.9,.458,5.1,9.1,.555,.607,3.0,3.2,.922,1.0,5.5,6.4,6.0,1.1,0.2,2.2,2.8,21.2
Darius Miller,SF,30,OKC,3,0,4.7,0.3,1.7,.200,0.3,1.7,.200,0.0,0.0,0,.300,0.0,0.0,0,0.0,0.3,0.3,0.3,0.0,0.0,0.3,0.7,1.0
Patty Mills,PG,32,SAS,21,0,25.4,5.0,10.9,.463,2.7,6.5,.419,2.3,4.4,.527,.587,1.3,1.4,.931,0.2,1.5,1.8,2.8,0.7,0.0,1.0,1.3,14.1
Paul Millsap,PF,35,DEN,20,20,23.1,3.5,6.9,.504,1.2,2.8,.411,2.3,4.1,.568,.588,1.6,2.3,.711,1.6,3.5,5.1,1.6,0.8,0.3,1.0,2.0,9.7
Shake Milton,SG,24,PHI,18,1,24.7,4.9,10.8,.459,1.1,3.4,.306,3.9,7.3,.530,.508,3.3,3.8,.882,0.4,1.4,1.8,3.1,0.9,0.2,1.7,2.4,14.3
Donovan Mitchell,SG,24,UTA,19,19,33.2,8.1,18.6,.432,3.4,8.5,.401,4.6,10.1,.458,.524,3.7,4.5,.826,1.0,3.3,4.3,4.6,0.7,0.4,3.1,1.9,23.3
Adam Mokoka,SG,22,CHI,6,0,6.8,0.8,2.3,.357,0.2,1.3,.125,0.7,1.0,.667,.393,0.0,0.0,0,0.2,0.5,0.7,0.7,0.3,0.2,0.3,0.8,1.8
Malik Monk,SG,22,CHO,8,0,16.0,3.3,6.5,.500,2.3,4.1,.545,1.0,2.4,.421,.673,1.3,1.5,.833,0.3,1.1,1.4,1.8,0.1,0.0,0.8,1.0,10.0
E'Twaun Moore,SG,31,PHO,6,0,11.8,1.0,3.7,.273,0.0,0.8,.000,1.0,2.8,.353,.273,0.0,0.0,0,0.2,0.8,1.0,1.2,0.2,0.0,0.5,1.0,2.0
Ja Morant,PG,21,MEM,8,8,28.0,7.1,14.0,.509,0.8,2.6,.286,6.4,11.4,.560,.536,4.4,5.3,.833,0.5,1.5,2.0,7.4,1.1,0.5,3.4,1.8,19.4
Juwan Morgan,PF,23,UTA,9,0,6.3,0.7,1.4,.462,0.3,1.0,.333,0.3,0.4,.750,.577,0.0,0.1,.000,0.3,1.1,1.4,0.3,0.3,0.0,0.2,1.0,1.7
Marcus Morris,PF,31,LAC,13,0,24.2,4.1,9.2,.442,2.2,4.8,.452,1.9,4.5,.431,.558,1.4,1.5,.947,0.8,2.8,3.6,0.8,0.6,0.2,1.0,1.6,11.7
Markieff Morris,PF,31,LAL,19,1,14.5,1.5,3.8,.397,0.8,2.6,.306,0.7,1.3,.583,.500,0.4,0.6,.727,0.7,2.7,3.4,0.9,0.1,0.3,0.5,1.5,4.3
Monte Morris,PG,25,DEN,20,1,26.2,4.2,8.5,.491,1.2,3.4,.343,3.0,5.1,.588,.559,1.4,1.9,.711,0.3,1.9,2.2,3.4,0.8,0.3,0.6,0.8,10.8
Mychal Mulder,PG,26,GSW,20,0,9.9,1.1,2.3,.467,0.9,2.0,.436,0.2,0.3,.667,.656,0.3,0.5,.667,0.0,0.9,0.9,0.5,0.3,0.2,0.2,0.8,3.3
Dejounte Murray,PG,24,SAS,21,21,30.4,6.0,13.4,.448,1.0,3.3,.304,5.0,10.1,.495,.486,1.6,2.0,.767,0.7,6.3,7.0,5.2,1.3,0.1,1.7,2.3,14.6
Jamal Murray,PG,23,DEN,19,19,34.9,7.2,15.7,.455,2.1,6.0,.351,5.1,9.7,.519,.522,2.5,3.2,.783,0.7,3.3,4.0,4.4,1.1,0.3,1.9,2.3,18.9
Mike Muscala,C,29,OKC,18,0,17.7,3.1,7.2,.434,2.1,5.3,.385,1.1,1.8,.576,.578,0.7,0.8,.857,0.6,2.6,3.2,0.6,0.3,0.3,0.7,1.5,8.9
Sviatoslav Mykhailiuk,SF,23,DET,21,0,13.7,2.0,5.2,.373,1.3,4.1,.322,0.6,1.1,.565,.500,1.0,1.1,.875,0.1,1.4,1.5,1.2,0.6,0.1,0.5,0.8,6.2
Abdel Nader,SF,27,PHO,7,0,18.6,2.9,6.4,.444,1.0,2.3,.438,1.9,4.1,.448,.522,1.4,1.7,.833,0.0,3.6,3.6,1.3,0.4,0.1,0.6,1.3,8.1
Larry Nance Jr.,PF,28,CLE,18,17,34.0,3.8,7.9,.479,1.3,3.4,.387,2.4,4.4,.550,.563,0.7,1.2,.571,1.5,5.4,6.9,3.3,2.1,0.6,1.6,2.1,9.6
Aaron Nesmith,SF,21,BOS,9,0,12.8,1.3,4.1,.324,1.0,3.2,.310,0.3,0.9,.375,.446,0.0,0.0,0,0.3,1.3,1.7,0.4,0.0,0.2,0.8,1.8,3.7
Raul Neto,PG,28,WAS,14,5,17.8,3.2,6.9,.469,1.2,3.0,.405,2.0,3.9,.519,.557,0.4,0.6,.667,0.6,1.2,1.8,1.6,1.0,0.1,0.8,1.4,8.1
Georges Niang,PF,27,UTA,21,0,12.0,1.7,4.3,.396,0.9,2.9,.317,0.8,1.5,.548,.500,0.0,0.0,1.000,0.3,2.0,2.3,0.5,0.3,0.1,0.8,1.3,4.4
Zeke Nnaji,PF,20,DEN,9,0,2.2,0.3,0.9,.375,0.0,0.2,.000,0.3,0.7,.500,.375,0.0,0.0,0,0.2,0.3,0.6,0.0,0.0,0.0,0.0,0.3,0.7
Nerlens Noel,C,26,NYK,19,0,17.4,1.4,2.7,.529,0.0,0.1,.000,1.4,2.6,.551,.529,0.5,0.9,.588,1.5,3.7,5.3,0.4,0.9,1.8,0.9,1.8,3.4
Jaylen Nowell,SG,21,MIN,6,0,16.0,3.7,8.2,.449,1.0,3.7,.273,2.7,4.5,.593,.510,1.3,1.7,.800,0.8,0.8,1.7,1.2,0.3,0.2,1.0,2.0,9.7
Frank Ntilikina,PG,22,NYK,4,0,10.5,1.5,3.5,.429,1.3,2.3,.556,0.3,1.3,.200,.607,0.3,0.8,.333,0.3,0.8,1.0,0.8,0.8,0.0,0.5,1.8,4.5
Kendrick Nunn,PG,25,MIA,13,2,25.7,4.8,10.5,.460,1.4,4.5,.310,3.5,6.1,.570,.526,1.0,1.2,.867,0.4,2.6,3.0,2.5,0.9,0.2,1.8,1.5,12.1
Jusuf Nurkić,C,26,POR,12,12,23.3,4.2,8.6,.485,0.3,1.0,.250,3.9,7.6,.516,.500,1.3,2.3,.556,1.9,5.8,7.7,2.8,0.9,0.9,1.9,2.8,9.8
David Nwaba,SF,28,HOU,17,8,22.6,3.4,7.1,.475,0.6,2.3,.282,2.7,4.8,.568,.521,1.2,1.9,.656,1.1,2.1,3.1,1.3,1.2,0.6,0.5,2.1,8.6
Jordan Nwora,SF,22,MIL,10,0,8.2,1.7,3.7,.459,0.8,1.6,.500,0.9,2.1,.429,.568,0.9,1.0,.900,0.1,1.4,1.5,0.0,0.4,0.2,1.0,0.9,5.1
Royce O'Neale,SF,27,UTA,21,21,32.1,2.8,5.7,.487,1.9,4.0,.459,0.9,1.6,.559,.651,0.8,1.0,.810,1.1,5.8,6.9,2.4,0.7,0.6,1.0,2.7,8.2
Semi Ojeleye,PF,26,BOS,18,1,17.6,1.6,4.1,.397,0.9,2.7,.347,0.7,1.3,.500,.514,0.8,1.2,.714,0.6,2.2,2.8,0.7,0.1,0.0,0.4,0.9,5.0
Jahlil Okafor,C,25,DET,12,0,10.0,2.1,3.5,.595,0.0,0.3,.000,2.1,3.3,.641,.595,0.1,0.2,.500,1.1,1.2,2.3,0.3,0.2,0.2,0.3,0.8,4.3
Chuma Okeke,PF,22,ORL,6,0,18.2,1.5,3.2,.474,0.7,1.5,.444,0.8,1.7,.500,.579,0.5,1.0,.500,0.8,1.3,2.2,1.8,0.7,0.2,0.7,1.0,4.2
Josh Okogie,SG,22,MIN,14,13,22.4,1.9,5.1,.361,0.4,2.1,.167,1.5,3.0,.500,.396,1.3,1.6,.783,0.8,1.9,2.6,1.5,0.9,0.6,0.8,2.1,5.4
Onyeka Okongwu,C,20,ATL,5,1,12.0,1.6,3.0,.533,0.0,0.0,0,1.6,3.0,.533,.533,0.4,1.0,.400,1.0,2.6,3.6,0.4,0.4,1.2,0.6,1.4,3.6
Isaac Okoro,SG,20,CLE,16,16,35.4,3.0,7.2,.417,0.8,2.6,.293,2.3,4.6,.486,.470,1.5,2.2,.686,1.0,1.3,2.3,2.1,1.2,0.4,1.5,2.7,8.3
KZ Okpala,PF,21,MIA,12,5,13.7,1.0,2.6,.387,0.6,1.6,.368,0.4,1.0,.417,.500,0.2,0.5,.333,0.3,1.3,1.7,0.5,0.3,0.2,0.6,1.6,2.8
Victor Oladipo,SG,28,TOT,16,16,32.6,7.4,17.9,.415,2.7,7.6,.352,4.8,10.3,.461,.490,2.9,3.9,.730,0.1,5.1,5.3,4.8,1.4,0.4,2.2,2.4,20.4
Victor Oladipo,SG,28,IND,9,9,33.3,7.1,16.9,.421,2.8,7.7,.362,4.3,9.2,.470,.503,3.0,4.1,.730,0.1,5.6,5.7,4.2,1.7,0.2,2.0,2.6,20.0
Victor Oladipo,SG,28,HOU,7,7,31.7,7.9,19.3,.407,2.6,7.6,.340,5.3,11.7,.451,.474,2.7,3.7,.731,0.1,4.6,4.7,5.4,1.0,0.7,2.4,2.3,21.0
Kelly Olynyk,C,29,MIA,19,14,26.3,3.6,8.5,.422,2.1,6.2,.339,1.5,2.3,.651,.547,0.4,0.6,.727,0.9,4.4,5.3,2.4,0.8,0.7,1.5,2.4,9.7
Miye Oni,SG,23,UTA,15,0,7.7,0.4,1.3,.300,0.4,1.1,.353,0.0,0.2,.000,.450,0.1,0.1,.500,0.4,1.4,1.8,0.4,0.0,0.3,0.3,0.9,1.3
Cedi Osman,SF,25,CLE,21,12,28.9,4.5,11.7,.386,2.4,6.5,.368,2.1,5.2,.409,.488,1.1,1.5,.750,0.8,2.6,3.4,3.0,1.0,0.1,1.3,2.5,12.6
Daniel Oturu,C,21,LAC,10,0,4.2,0.9,1.5,.600,0.0,0.1,.000,0.9,1.4,.643,.600,0.2,0.2,1.000,0.5,0.9,1.4,0.4,0.0,0.3,0.2,0.6,2.0
Kelly Oubre Jr.,SF,25,GSW,21,21,27.6,4.4,11.7,.376,1.1,5.0,.231,3.2,6.7,.482,.424,2.1,2.9,.733,1.2,4.1,5.4,1.3,1.1,0.9,1.4,2.3,12.0
Eric Paschall,PF,24,GSW,20,2,17.6,3.8,7.9,.481,0.5,1.5,.310,3.4,6.5,.519,.509,1.9,2.6,.745,0.9,2.0,2.9,1.4,0.2,0.1,0.6,1.7,10.0
Anžejs Pasečņiks,C,25,WAS,1,0,6.0,0.0,1.0,.000,0.0,1.0,.000,0.0,0.0,0,.000,0.0,0.0,0,1.0,0.0,1.0,1.0,0.0,0.0,5.0,2.0,0.0
Patrick Patterson,PF,31,LAC,8,1,13.4,1.6,3.6,.448,1.1,2.9,.391,0.5,0.8,.667,.603,0.4,0.5,.750,0.4,1.3,1.6,0.5,0.4,0.1,0.8,1.4,4.8
Chris Paul,PG,35,PHO,19,19,32.9,6.2,13.2,.470,1.2,3.5,.328,5.1,9.7,.522,.514,3.0,3.1,.966,0.7,4.1,4.8,8.7,1.2,0.2,2.6,2.9,16.6
Cameron Payne,PG,26,PHO,13,0,17.5,2.5,5.5,.458,0.8,2.2,.379,1.7,3.3,.512,.535,0.7,0.7,1.000,0.2,2.0,2.2,3.9,0.6,0.2,1.2,2.2,6.6
Elfrid Payton,PG,26,NYK,22,22,27.8,4.6,11.0,.423,0.5,1.9,.262,4.1,9.0,.457,.446,1.5,2.1,.717,1.1,2.5,3.5,3.6,0.6,0.2,2.0,2.1,11.3
Reggie Perry,PF,20,BRK,14,0,10.5,1.5,3.6,.412,0.1,0.9,.167,1.4,2.8,.487,.431,0.4,0.6,.667,1.2,2.4,3.6,0.9,0.1,0.4,0.8,1.9,3.6
Theo Pinson,SG,25,NYK,7,0,2.4,0.1,0.9,.167,0.0,0.7,.000,0.1,0.1,1.000,.167,0.0,0.0,0,0.0,0.1,0.1,0.0,0.0,0.0,0.0,0.3,0.3
Mason Plumlee,C,30,DET,21,21,26.3,3.7,6.4,.578,0.0,0.2,.000,3.7,6.2,.600,.578,2.0,2.7,.732,3.0,5.8,8.8,3.0,1.0,0.6,2.0,3.6,9.4
Jakob Poeltl,C,25,SAS,21,3,20.1,2.5,4.2,.584,0.0,0.0,0,2.5,4.2,.584,.584,0.3,1.3,.250,3.0,3.2,6.2,2.0,0.5,1.1,1.0,2.0,5.3
Vincent Poirier,C,27,PHI,3,0,4.7,0.3,1.0,.333,0.0,0.0,0,0.3,1.0,.333,.333,0.7,1.3,.500,0.7,0.3,1.0,0.3,0.0,0.3,0.3,0.3,1.3
Aleksej Pokusevski,PF,19,OKC,17,0,17.4,1.4,5.5,.247,0.6,3.3,.179,0.8,2.2,.351,.301,0.0,0.0,0,0.3,3.2,3.5,1.2,0.5,1.1,1.3,0.9,3.3
Jordan Poole,SG,21,GSW,15,0,9.5,1.7,4.1,.426,0.9,2.6,.333,0.9,1.5,.591,.533,1.2,1.3,.947,0.1,1.1,1.2,0.9,0.2,0.1,0.5,0.9,5.5
Michael Porter Jr.,SF,22,DEN,10,4,26.2,6.2,11.1,.559,2.7,5.4,.500,3.5,5.7,.614,.680,1.5,1.8,.833,1.2,5.3,6.5,1.0,1.2,0.9,1.3,2.5,16.6
Otto Porter,SF,27,CHI,16,6,23.3,4.0,9.0,.444,1.8,4.4,.400,2.3,4.6,.486,.542,1.9,2.3,.833,1.3,5.0,6.3,2.0,0.6,0.2,0.9,1.6,11.6
Bobby Portis,C,25,MIL,20,1,21.9,4.7,8.4,.560,1.0,2.1,.463,3.8,6.4,.591,.616,0.8,1.2,.696,2.1,5.4,7.5,1.2,0.8,0.4,1.0,2.0,11.2
Kristaps Porziņģis,C,25,DAL,10,10,30.5,7.2,16.2,.444,1.9,6.3,.302,5.3,9.9,.535,.503,2.3,2.8,.821,1.7,6.5,8.2,0.9,0.3,1.7,1.3,3.1,18.6
Dwight Powell,C,29,DAL,12,6,18.6,1.5,3.2,.474,0.1,0.6,.143,1.4,2.6,.548,.487,1.8,2.8,.667,1.0,2.5,3.5,1.1,1.1,0.5,0.8,2.5,4.9
Norman Powell,SG,27,TOR,19,8,26.1,4.8,11.1,.431,2.3,5.5,.410,2.5,5.6,.453,.533,2.9,3.4,.859,0.2,2.2,2.4,1.4,1.2,0.2,1.3,1.8,14.7
Taurean Prince,PF,26,TOT,20,6,21.2,2.7,6.8,.390,1.4,3.6,.380,1.3,3.3,.400,.489,2.1,2.5,.857,0.4,3.1,3.5,1.6,0.8,0.8,1.1,1.8,8.8
Taurean Prince,PF,26,BRK,12,4,18.2,2.5,6.2,.405,1.1,3.1,.351,1.4,3.1,.459,.493,2.0,2.3,.889,0.2,2.7,2.8,0.6,0.7,0.7,0.9,1.8,8.1
Taurean Prince,PF,26,CLE,8,2,25.6,2.9,7.8,.371,1.8,4.3,.412,1.1,3.5,.321,.484,2.3,2.8,.818,0.8,3.8,4.5,3.1,1.0,0.9,1.4,1.8,9.8
Payton Pritchard,SG,23,BOS,14,0,20.9,2.9,6.0,.488,1.2,2.9,.425,1.7,3.1,.545,.589,0.6,0.7,.900,0.4,1.9,2.4,2.6,0.9,0.4,1.6,1.8,7.7
Immanuel Quickley,PG,21,NYK,18,0,19.7,4.1,10.1,.409,1.6,4.5,.358,2.5,5.6,.450,.489,2.7,2.9,.942,0.4,2.0,2.4,2.8,0.4,0.4,1.1,2.2,12.6
Jahmi'us Ramsey,SG,19,SAC,4,0,4.0,0.5,1.0,.500,0.3,0.8,.333,0.3,0.3,1.000,.625,0.0,0.0,0,0.0,1.0,1.0,0.3,0.0,0.3,0.3,0.0,1.3
Julius Randle,PF,26,NYK,22,22,36.6,7.8,16.5,.471,1.4,3.8,.369,6.4,12.7,.502,.514,5.5,6.7,.816,1.5,9.7,11.1,6.0,0.8,0.2,3.4,3.4,22.4
Cam Reddish,SF,21,ATL,16,11,28.9,3.9,10.6,.373,1.4,5.2,.277,2.5,5.4,.465,.441,2.6,3.3,.808,0.9,3.6,4.4,1.2,1.3,0.3,1.5,2.6,11.9
J.J. Redick,SG,36,NOP,16,0,19.9,2.4,7.1,.336,1.6,5.3,.298,0.8,1.8,.448,.447,1.6,1.6,1.000,0.1,1.6,1.8,1.3,0.3,0.0,0.8,1.4,7.9
Paul Reed,PF,21,PHI,5,0,11.0,1.8,4.4,.409,0.0,0.6,.000,1.8,3.8,.474,.409,0.0,0.0,0,1.4,0.6,2.0,0.6,0.2,0.8,1.0,0.8,3.6
Naz Reid,C,21,MIN,18,9,21.7,4.4,8.4,.526,1.2,2.9,.404,3.3,5.6,.590,.595,2.0,2.6,.766,1.2,3.4,4.7,1.2,0.6,1.5,1.3,3.2,12.1
Nick Richards,PF,23,CHO,5,0,2.4,0.4,0.4,1.000,0.0,0.0,0,0.4,0.4,1.000,1.000,0.2,0.4,.500,0.2,0.6,0.8,0.0,0.0,0.0,0.0,0.4,1.0
Josh Richardson,SG,27,DAL,12,12,31.8,4.8,11.4,.423,1.5,5.3,.286,3.3,6.2,.541,.489,1.8,1.8,.955,1.0,1.9,2.9,1.8,0.9,0.2,1.2,3.3,12.9
Austin Rivers,SG,28,NYK,16,2,24.6,3.4,7.8,.444,1.7,4.4,.380,1.8,3.3,.528,.552,0.3,0.5,.625,0.3,2.2,2.5,2.3,0.7,0.0,1.2,1.8,8.9
Duncan Robinson,SF,26,MIA,20,20,33.9,4.3,9.8,.441,3.5,8.3,.416,0.9,1.5,.586,.618,1.6,1.8,.861,0.1,3.9,3.9,1.6,0.4,0.4,1.6,2.0,13.6
Glenn Robinson III,SF,27,SAC,15,0,16.7,2.1,4.8,.431,0.9,2.2,.424,1.1,2.6,.436,.528,1.1,1.2,.889,0.3,1.4,1.7,1.0,0.1,0.1,0.4,0.9,6.1
Jerome Robinson,SG,23,WAS,10,3,20.1,2.0,5.9,.339,0.8,2.8,.286,1.2,3.1,.387,.407,1.3,1.5,.867,0.0,2.9,2.9,1.8,0.5,0.2,1.0,2.0,6.1
Mitchell Robinson,C,22,NYK,22,22,28.9,4.0,6.1,.659,0.0,0.0,0,4.0,6.1,.659,.659,0.8,1.7,.474,3.8,4.2,8.0,0.5,1.0,1.7,0.7,2.8,8.9
Isaiah Roby,PF,22,OKC,16,7,19.3,3.1,5.9,.526,0.5,1.5,.333,2.6,4.4,.592,.568,1.4,1.9,.733,1.6,3.1,4.7,1.2,0.6,0.5,0.8,2.5,8.1
Rajon Rondo,PG,34,ATL,11,1,14.8,1.6,3.7,.439,0.7,1.8,.400,0.9,1.9,.476,.537,0.1,0.2,.500,0.4,1.9,2.3,3.7,0.7,0.1,1.5,1.0,4.1
Derrick Rose,PG,32,DET,15,0,22.8,5.3,12.3,.429,0.9,2.6,.333,4.4,9.7,.455,.465,2.8,3.3,.840,0.4,1.5,1.9,4.2,1.2,0.3,1.9,1.1,14.2
Terrence Ross,SG,29,ORL,21,0,27.9,4.9,11.9,.412,1.8,5.2,.336,3.1,6.7,.471,.486,2.5,2.8,.898,0.3,2.4,2.7,1.9,1.1,0.4,1.5,2.0,14.1
Terry Rozier,SG,26,CHO,20,20,32.9,6.7,14.3,.469,3.2,7.4,.435,3.5,7.0,.504,.580,2.0,2.7,.736,0.6,3.4,4.0,2.8,1.3,0.5,1.7,2.0,18.6
Ricky Rubio,PG,30,MIN,18,6,23.2,1.9,5.7,.343,0.3,1.6,.179,1.7,4.1,.405,.368,1.8,2.1,.842,0.4,2.8,3.2,5.7,1.2,0.0,2.1,1.9,5.9
D'Angelo Russell,PG,24,MIN,17,16,30.3,7.2,17.1,.419,3.0,7.7,.389,4.2,9.4,.444,.507,2.5,3.4,.741,0.5,2.1,2.6,5.3,1.2,0.4,2.9,2.1,19.9
Domantas Sabonis,PF,24,IND,21,21,36.7,8.1,14.5,.559,0.9,2.6,.352,7.2,11.9,.604,.590,4.0,5.8,.694,2.9,9.2,12.0,5.7,0.9,0.3,3.5,3.4,21.1
Luka Šamanić,PF,21,SAS,4,0,2.8,0.5,1.5,.333,0.5,0.8,.667,0.0,0.8,.000,.500,0.3,0.5,.500,0.0,0.0,0.0,0.0,0.0,0.0,0.0,0.0,1.8
JaKarr Sampson,PF,27,IND,9,0,7.1,0.9,2.1,.421,0.0,0.2,.000,0.9,1.9,.471,.421,0.7,0.8,.857,0.7,1.8,2.4,0.0,0.1,0.3,0.1,0.8,2.4
Dario Šarić,PF,26,PHO,7,0,18.9,3.7,8.3,.448,1.4,4.0,.357,2.3,4.3,.533,.534,1.7,1.9,.923,0.4,4.1,4.6,1.0,0.6,0.1,1.6,2.0,10.6
Tomáš Satoranský,SG,29,CHI,8,0,17.3,1.5,3.5,.429,0.6,1.6,.385,0.9,1.9,.467,.518,0.8,1.0,.750,0.3,1.6,1.9,4.8,0.9,0.1,2.0,1.1,4.4
Dennis Schröder,SG,27,LAL,22,22,30.6,5.0,11.8,.421,1.0,3.3,.306,4.0,8.5,.465,.463,2.7,3.3,.808,0.6,3.0,3.6,4.2,1.0,0.1,2.0,2.6,13.6
Mike Scott,PF,32,PHI,8,2,19.1,1.8,5.5,.318,1.1,4.5,.250,0.6,1.0,.625,.420,0.3,0.4,.667,0.5,2.3,2.8,0.1,0.3,0.3,0.4,1.3,4.9
Collin Sexton,SG,22,CLE,16,16,34.7,8.9,17.8,.498,1.7,3.9,.435,7.2,13.9,.516,.546,4.7,5.7,.824,0.6,1.9,2.6,4.1,1.0,0.2,2.7,2.9,24.1
Landry Shamet,SG,23,BRK,19,0,17.2,1.7,4.9,.344,1.1,3.7,.296,0.6,1.2,.500,.457,1.1,1.3,.840,0.2,1.2,1.4,1.1,0.6,0.2,0.8,1.2,5.6
Pascal Siakam,PF,26,TOR,18,18,35.6,7.3,16.1,.452,0.9,4.0,.236,6.3,12.1,.523,.481,3.7,4.7,.786,2.4,5.5,7.9,4.6,0.9,0.5,2.7,3.2,19.2
Chris Silva,PF,24,MIA,6,0,8.8,1.0,1.5,.667,0.2,0.2,1.000,0.8,1.3,.625,.722,1.7,2.0,.833,1.2,1.8,3.0,1.0,0.2,0.3,1.3,2.3,3.8
Ben Simmons,PG,24,PHI,19,19,32.7,5.0,9.4,.534,0.1,0.3,.167,4.9,9.1,.547,.537,3.3,5.1,.639,1.4,6.8,8.2,7.9,1.7,0.9,3.4,3.3,13.3
Anfernee Simons,SG,21,POR,17,0,15.8,2.6,6.9,.381,1.9,4.6,.405,0.8,2.3,.333,.517,0.4,0.5,.750,0.3,2.0,2.3,0.9,0.1,0.3,0.6,1.5,7.5
Deividas Sirvydis,SG,20,DET,3,0,1.0,0.0,0.7,.000,0.0,0.7,.000,0.0,0.0,0,.000,0.0,0.0,0,0.0,0.0,0.0,0.0,0.0,0.0,0.0,0.0,0.0
Marcus Smart,PG,26,BOS,17,17,32.3,4.4,11.1,.394,1.6,5.3,.311,2.7,5.8,.469,.468,2.7,3.6,.742,0.4,2.4,2.8,6.1,1.8,0.5,1.8,2.3,13.1
Dennis Smith Jr.,PG,23,NYK,3,0,9.3,0.7,3.3,.200,0.0,1.3,.000,0.7,2.0,.333,.200,1.7,2.0,.833,0.0,0.7,0.7,1.0,1.0,0.0,0.3,1.3,3.0
Ish Smith,PG,32,WAS,13,0,20.2,2.7,6.5,.417,0.4,1.2,.333,2.3,5.3,.435,.446,0.5,1.2,.400,0.5,2.9,3.4,4.6,0.8,0.3,1.0,1.0,6.2
Jalen Smith,PF,20,PHO,5,0,7.8,1.2,2.8,.429,0.4,1.0,.400,0.8,1.8,.444,.500,0.0,0.4,.000,1.0,0.6,1.6,0.2,0.0,0.4,0.2,0.6,2.8
Tony Snell,SG,29,ATL,9,0,8.3,0.4,2.0,.222,0.4,1.6,.286,0.0,0.4,.000,.333,0.0,0.0,0,0.3,0.7,1.0,0.4,0.0,0.1,0.3,1.2,1.3
Cassius Stanley,SG,21,IND,8,0,2.9,0.3,0.9,.286,0.1,0.3,.500,0.1,0.6,.200,.357,0.5,0.6,.800,0.3,0.1,0.4,0.0,0.0,0.3,0.1,0.9,1.1
Lamar Stevens,PF,23,CLE,11,0,13.0,1.5,3.8,.405,0.1,0.7,.125,1.5,3.1,.471,.417,0.8,1.1,.750,0.4,1.8,2.2,0.7,0.4,0.1,0.3,0.6,4.0
Isaiah Stewart,C,19,DET,19,0,17.7,1.9,4.2,.463,0.0,0.1,.000,1.9,4.1,.474,.463,0.9,1.2,.739,2.7,2.7,5.4,0.7,0.4,0.8,0.6,2.5,4.8
Max Strus,SF,24,MIA,11,0,15.5,2.5,5.0,.491,1.5,4.0,.386,0.9,1.0,.909,.645,0.3,0.5,.600,0.1,1.2,1.3,0.5,0.2,0.0,0.3,1.5,6.7
Edmond Sumner,SG,25,IND,12,4,10.2,1.8,3.6,.512,0.4,1.3,.313,1.4,2.3,.630,.570,0.5,0.8,.600,0.4,1.1,1.5,0.5,0.7,0.0,0.8,1.2,4.6
Jae'Sean Tate,SF,25,HOU,19,9,25.5,3.4,6.4,.529,0.6,1.8,.343,2.7,4.5,.605,.579,1.0,1.5,.655,1.4,3.4,4.8,1.7,0.8,0.7,1.3,2.7,8.4
Jayson Tatum,SF,22,BOS,14,14,35.0,10.2,21.1,.483,3.1,7.3,.431,7.1,13.9,.510,.557,3.2,3.9,.833,0.5,6.6,7.1,3.6,1.1,0.6,2.6,1.7,26.8
Jeff Teague,PG,32,BOS,17,2,17.9,2.0,6.1,.330,0.6,1.5,.423,1.4,4.5,.299,.383,1.4,1.5,.885,0.2,1.6,1.8,2.3,1.1,0.2,1.0,1.1,6.0
Garrett Temple,SG,34,CHI,18,2,26.4,3.4,7.6,.445,1.7,4.5,.383,1.7,3.1,.536,.558,0.9,1.1,.842,0.4,2.2,2.6,1.8,1.1,0.3,1.2,2.6,9.4
Tyrell Terry,PG,20,DAL,11,0,5.1,0.5,1.5,.313,0.0,0.6,.000,0.5,0.8,.556,.313,0.1,0.3,.333,0.0,0.5,0.5,0.5,0.5,0.0,0.2,0.2,1.0
Daniel Theis,C,28,BOS,19,15,23.4,3.9,6.4,.607,0.7,1.9,.389,3.2,4.5,.698,.664,1.1,1.4,.741,1.4,4.0,5.4,1.2,0.6,0.9,1.1,2.7,9.6
Brodric Thomas,SG,24,HOU,4,0,6.0,0.5,1.8,.286,0.3,1.5,.167,0.3,0.3,1.000,.357,1.3,1.8,.714,0.3,0.8,1.0,1.0,0.3,0.3,1.0,1.3,2.5
Matt Thomas,SG,26,TOR,11,0,6.6,1.0,2.4,.423,0.8,1.7,.474,0.2,0.6,.286,.596,0.4,0.4,1.000,0.1,0.5,0.6,0.5,0.2,0.0,0.4,0.4,3.2
Tristan Thompson,PF,29,BOS,17,15,22.4,2.5,5.3,.478,0.0,0.1,.000,2.5,5.2,.483,.478,1.2,2.0,.618,2.7,5.6,8.4,0.7,0.3,0.5,1.1,2.5,6.3
Sindarius Thornwell,SG,26,NOP,6,1,6.8,0.7,1.7,.400,0.3,0.7,.500,0.3,1.0,.333,.500,0.0,0.3,.000,0.2,0.3,0.5,0.3,0.7,0.0,0.2,0.3,1.7
Matisse Thybulle,SG,23,PHI,18,0,16.1,1.2,3.4,.339,0.5,2.2,.231,0.7,1.3,.522,.411,0.3,0.4,.625,0.2,0.9,1.2,0.7,1.6,0.8,0.3,1.9,3.1
Xavier Tillman Sr.,PF,22,MEM,11,4,21.3,4.0,7.4,.543,0.2,1.0,.182,3.8,6.4,.600,.556,0.6,0.9,.700,1.1,3.5,4.5,1.7,1.3,0.9,0.5,2.5,8.8
Obi Toppin,PF,22,NYK,12,0,12.2,1.8,4.2,.420,0.5,1.9,.261,1.3,2.3,.556,.480,0.6,0.8,.778,0.3,2.3,2.6,0.7,0.2,0.5,0.7,0.8,4.6
Juan Toscano-Anderson,SG,27,GSW,8,2,15.6,1.8,2.8,.636,0.8,1.4,.545,1.0,1.4,.727,.773,0.5,0.8,.667,0.3,2.6,2.9,1.6,0.4,0.6,0.6,1.9,4.8
Karl-Anthony Towns,C,25,MIN,4,4,33.0,7.3,15.8,.460,1.5,4.0,.375,5.8,11.8,.489,.508,6.0,6.3,.960,4.0,8.5,12.5,4.3,0.5,2.8,2.5,2.8,22.0
Gary Trent Jr.,SG,22,POR,18,5,27.7,4.7,10.9,.431,3.0,6.7,.450,1.7,4.3,.403,.569,0.7,1.0,.722,0.4,1.3,1.7,1.1,0.7,0.2,0.6,1.6,13.2
P.J. Tucker,PF,35,HOU,19,19,30.8,1.9,4.2,.456,1.1,2.6,.400,0.8,1.5,.552,.582,0.5,0.7,.769,0.9,3.7,4.6,1.3,1.0,0.7,1.1,3.1,5.4
Myles Turner,C,24,IND,19,19,32.4,5.2,10.1,.516,1.6,4.6,.341,3.6,5.5,.663,.594,2.5,3.3,.762,1.4,5.6,6.9,1.2,1.2,3.9,1.6,3.5,14.5
Jonas Valančiūnas,C,28,MEM,12,12,26.8,5.6,10.5,.532,0.3,1.2,.286,5.3,9.3,.563,.548,2.9,4.0,.729,2.7,7.8,10.4,1.8,0.8,1.0,2.3,3.7,14.4
Denzel Valentine,SG,27,CHI,15,0,16.9,2.5,6.4,.385,1.4,3.7,.375,1.1,2.7,.400,.495,0.1,0.1,1.000,0.2,3.3,3.5,1.7,0.7,0.1,0.7,0.8,6.5
Jarred Vanderbilt,PF,21,MIN,18,6,19.2,2.9,4.7,.612,0.1,0.1,1.000,2.8,4.7,.607,.618,1.0,2.2,.462,1.6,4.3,5.9,1.8,1.3,0.7,1.1,2.1,6.8
Fred VanVleet,SG,26,TOR,21,21,36.0,7.1,16.9,.420,3.4,9.0,.383,3.7,8.0,.461,.521,2.8,3.2,.881,0.8,3.6,4.3,6.2,1.8,0.7,1.8,2.0,20.4
Devin Vassell,SF,20,SAS,20,0,17.6,1.8,4.8,.375,1.0,2.5,.400,0.8,2.3,.348,.479,0.8,0.9,.889,0.6,2.8,3.4,1.2,1.2,0.3,0.4,1.1,5.4
Gabe Vincent,PG,24,MIA,12,5,20.8,3.0,8.6,.350,1.3,5.2,.242,1.8,3.4,.512,.422,1.3,1.4,.882,0.1,1.5,1.6,2.1,0.5,0.1,1.5,2.3,8.5
Nikola Vučević,C,30,ORL,22,22,33.3,9.1,19.0,.477,2.6,6.1,.433,6.5,13.0,.498,.547,1.7,2.0,.841,2.2,9.0,11.2,3.5,1.1,0.5,1.6,1.8,22.5
Dean Wade,PF,24,CLE,16,0,9.6,0.7,2.0,.344,0.4,1.3,.333,0.3,0.7,.364,.453,0.1,0.1,1.000,0.3,0.9,1.1,0.6,0.3,0.1,0.5,0.8,1.9
Moritz Wagner,C,23,WAS,8,0,14.4,2.6,3.8,.700,0.5,1.1,.444,2.1,2.6,.810,.767,1.1,1.6,.692,0.5,3.3,3.8,1.0,0.4,0.1,0.3,2.9,6.9
Kemba Walker,PG,30,BOS,7,7,25.7,5.3,14.4,.366,2.1,7.1,.300,3.1,7.3,.431,.441,2.3,2.6,.889,0.4,3.3,3.7,4.3,1.4,0.1,1.7,1.3,15.0
Lonnie Walker,SG,22,SAS,21,21,28.0,4.3,10.3,.419,1.8,4.6,.385,2.6,5.8,.446,.505,1.2,1.6,.788,0.2,3.0,3.2,1.8,0.6,0.4,1.0,2.2,11.7
John Wall,PG,30,HOU,12,12,29.9,6.6,14.8,.444,1.8,4.9,.373,4.8,9.9,.479,.506,2.8,3.5,.810,0.7,3.4,4.1,5.8,1.1,0.8,2.9,1.3,17.8
Brad Wanamaker,PG,31,GSW,21,0,16.3,1.6,4.4,.359,0.4,1.7,.250,1.1,2.7,.429,.408,1.2,1.4,.862,0.2,1.4,1.6,2.8,0.8,0.1,0.8,1.6,4.8
T.J. Warren,SF,27,IND,4,4,29.3,6.8,12.8,.529,0.0,1.8,.000,6.8,11.0,.614,.529,2.0,2.5,.800,0.5,3.0,3.5,1.3,0.5,0.0,1.0,4.0,15.5
P.J. Washington,PF,22,CHO,21,21,29.0,4.4,10.1,.437,1.1,3.5,.329,3.3,6.7,.493,.493,2.2,3.0,.746,1.9,5.0,6.9,3.0,1.0,1.3,2.0,2.8,12.2
Yuta Watanabe,SF,26,TOR,15,0,12.6,1.2,3.1,.383,0.8,1.7,.462,0.4,1.4,.286,.511,0.5,0.5,1.000,0.9,2.4,3.3,0.4,0.5,0.7,0.5,1.1,3.7
Tremont Waters,PG,23,BOS,6,1,10.2,0.8,2.8,.294,0.5,1.3,.375,0.3,1.5,.222,.382,0.7,0.7,1.000,0.3,0.5,0.8,2.8,0.5,0.0,2.0,0.8,2.8
Paul Watson,SF,26,TOR,10,0,3.3,0.7,1.1,.636,0.6,0.9,.667,0.1,0.2,.500,.909,0.0,0.0,0,0.1,0.7,0.8,0.1,0.0,0.1,0.1,0.5,2.0
Quinndary Weatherspoon,SG,24,SAS,3,0,3.3,0.0,0.3,.000,0.0,0.0,0,0.0,0.3,.000,.000,0.7,0.7,1.000,0.0,0.3,0.3,1.0,0.3,0.0,1.3,0.3,0.7
Russell Westbrook,PG,32,WAS,12,12,34.0,7.7,18.7,.411,1.7,4.6,.364,6.0,14.1,.426,.455,3.6,5.3,.672,1.4,8.2,9.6,9.5,0.9,0.3,4.8,3.1,20.6
Coby White,PG,20,CHI,19,19,33.9,5.5,13.6,.407,2.3,6.3,.361,3.3,7.3,.446,.490,2.1,2.4,.867,0.4,4.4,4.8,5.7,0.4,0.1,2.7,2.5,15.4
Derrick White,SG,26,SAS,3,0,22.0,3.7,10.0,.367,1.7,5.0,.333,2.0,5.0,.400,.450,1.7,2.0,.833,0.0,1.3,1.3,2.3,0.7,1.3,1.3,2.0,10.7
Hassan Whiteside,C,31,SAC,13,0,14.1,3.0,5.2,.582,0.0,0.1,.000,3.0,5.1,.591,.582,1.5,2.8,.528,1.2,3.5,4.8,0.5,0.3,1.0,1.1,1.6,7.5
Andrew Wiggins,PF,25,GSW,21,21,31.7,6.8,14.5,.467,2.0,5.2,.385,4.8,9.3,.513,.536,2.2,3.3,.657,1.1,3.6,4.8,2.2,0.5,1.4,1.6,2.4,17.7
Grant Williams,PF,22,BOS,16,4,18.0,1.9,4.1,.455,0.9,2.0,.469,0.9,2.1,.441,.568,0.6,1.3,.500,1.2,1.9,3.1,0.7,0.4,0.4,0.9,2.9,5.3
Kenrich Williams,PF,26,OKC,19,0,12.6,1.4,3.1,.448,0.3,0.9,.333,1.1,2.1,.500,.500,0.4,0.5,.800,0.9,1.6,2.6,1.2,0.5,0.2,0.4,1.4,3.5
Lou Williams,PG,34,LAC,20,0,19.8,3.2,8.5,.379,0.9,2.4,.362,2.4,6.1,.385,.429,1.9,2.2,.860,0.4,1.7,2.0,3.1,0.7,0.1,1.1,1.0,9.1
Patrick Williams,PF,19,CHI,18,18,25.5,3.6,7.7,.460,0.9,2.3,.405,2.6,5.4,.485,.522,1.5,1.9,.794,0.9,2.8,3.7,1.1,0.7,0.6,1.5,2.3,9.6
Robert Williams,C,23,BOS,14,0,15.1,2.6,3.5,.735,0.0,0.1,.000,2.6,3.4,.750,.735,0.6,0.7,.900,2.3,3.6,5.9,0.7,0.9,1.4,1.2,1.6,5.8
Zion Williamson,PF,20,NOP,18,18,32.8,9.2,15.8,.581,0.2,0.6,.300,9.0,15.2,.591,.586,5.0,7.4,.677,2.8,4.7,7.6,2.3,1.1,0.7,2.7,2.5,23.5
D.J. Wilson,PF,24,MIL,8,0,10.1,1.6,3.8,.433,1.0,2.3,.444,0.6,1.5,.417,.567,0.1,0.3,.500,0.4,2.1,2.5,0.4,0.1,0.3,0.5,1.3,4.4
Dylan Windler,SF,24,CLE,8,0,16.1,1.8,3.4,.519,1.0,2.4,.421,0.8,1.0,.750,.667,0.5,0.5,1.000,0.3,2.0,2.3,0.6,0.9,0.3,0.9,1.1,5.0
Cassius Winston,PG,22,WAS,6,0,7.3,0.7,1.7,.400,0.5,1.2,.429,0.2,0.5,.333,.550,0.3,0.3,1.000,0.0,0.7,0.7,1.0,0.0,0.2,0.2,0.7,2.2
James Wiseman,C,19,GSW,20,16,21.0,4.9,9.8,.503,0.5,1.1,.409,4.5,8.7,.514,.526,1.9,3.1,.623,1.5,4.6,6.1,0.7,0.4,1.3,1.6,3.2,12.2
Christian Wood,C,25,HOU,15,15,32.5,9.3,16.7,.556,1.8,4.6,.391,7.5,12.1,.619,.610,2.9,4.3,.688,1.9,8.8,10.7,1.2,0.8,1.7,1.9,1.9,23.3
Robert Woodard,SF,21,SAC,6,0,2.8,1.0,1.8,.545,0.2,0.5,.333,0.8,1.3,.625,.591,0.0,0.3,.000,0.5,0.8,1.3,0.0,0.0,0.0,0.2,0.0,2.2
Delon Wright,SG,28,DET,21,16,27.3,3.1,7.6,.413,0.9,2.5,.340,2.3,5.1,.449,.469,1.8,2.2,.809,0.9,3.6,4.5,4.4,1.3,0.6,1.1,1.0,9.0
Thaddeus Young,PF,32,CHI,15,0,24.9,4.7,8.3,.565,0.3,1.2,.278,4.3,7.1,.613,.585,0.7,1.3,.500,2.1,3.3,5.4,4.4,1.1,0.4,1.9,2.8,10.3
Trae Young,PG,22,ATL,19,19,34.3,7.6,17.9,.422,2.3,6.2,.364,5.3,11.7,.453,.485,9.5,10.7,.887,0.8,3.3,4.2,9.0,0.7,0.2,4.2,2.1,26.9
Cody Zeller,C,28,CHO,8,5,24.0,3.9,8.1,.477,0.0,1.1,.000,3.9,7.0,.554,.477,1.5,2.1,.706,2.8,5.8,8.5,2.4,0.8,0.8,0.8,2.1,9.3
Ivica Zubac,C,23,LAC,22,1,18.8,2.8,4.1,.670,0.0,0.0,0,2.8,4.1,.670,.670,1.9,2.3,.840,2.0,3.8,5.9,1.0,0.4,0.8,1.0,2.5,7.5
